ID do comentário,ID do canal,Carimbo de data/hora em que o comentário foi criado,Preço,ID do comentário principal,ID do post,ID do vídeo,Texto do comentário,ID do comentário de nível superior
UgwtQq7ttNDh3cdzkjV4AaABAg.9QNDXP9dbkY9QWsBZZPU-H,UCDBnBJ2_rN3m97D1RNJju4Q,2021-08-02T00:52:04.654154+00:00,0,UgwtQq7ttNDh3cdzkjV4AaABAg.9QNDXP9dbkY9QQnUzIz7OX,,SkZhO31_f9k,"{""text"":""@JooaoVT"",""mention"":{""externalChannelId"":""UC36CJKLWuU0R-UBhNE7kjgA""}},{""text"":"" eu sei q vc respeita""}",UgwtQq7ttNDh3cdzkjV4AaABAg
UgwtQq7ttNDh3cdzkjV4AaABAg.9QNDXP9dbkY9QWsALVQtKP,UCDBnBJ2_rN3m97D1RNJju4Q,2021-08-02T00:51:54.652166+00:00,0,UgwtQq7ttNDh3cdzkjV4AaABAg.9QNDXP9dbkY9QQnUzIz7OX,,SkZhO31_f9k,"{""text"":""@JooaoVT"",""mention"":{""externalChannelId"":""UC36CJKLWuU0R-UBhNE7kjgA""}},{""text"":"" eu avisei vc!!! Mas isso foi para a Jennifer""}",UgwtQq7ttNDh3cdzkjV4AaABAg
UgwtQq7ttNDh3cdzkjV4AaABAg.9QNDXP9dbkY9QWma5hCZoI,UCDBnBJ2_rN3m97D1RNJju4Q,2021-08-02T00:03:08.085656+00:00,0,UgwtQq7ttNDh3cdzkjV4AaABAg.9QNDXP9dbkY9QQnUzIz7OX,,SkZhO31_f9k,"{""text"":""@Jennifer"",""mention"":{""externalChannelId"":""UCbA-3dCR1GMwcqZW3NFNiGw""}},{""text"":"" é isso q to querendo te dizer""}",UgwtQq7ttNDh3cdzkjV4AaABAg
UgwtQq7ttNDh3cdzkjV4AaABAg.9QNDXP9dbkY9QWmVf7653q,UCDBnBJ2_rN3m97D1RNJju4Q,2021-08-02T00:02:23.607295+00:00,0,UgwtQq7ttNDh3cdzkjV4AaABAg.9QNDXP9dbkY9QRJPuhVzAv,,SkZhO31_f9k,"{""text"":""@LagartixaPlaysBr"",""mention"":{""externalChannelId"":""UCcaD2Bz38rcVpu2mf8FAQBQ""}},{""text"":"" vdd!!!""}",UgwtQq7ttNDh3cdzkjV4AaABAg
UgwtQq7ttNDh3cdzkjV4AaABAg.9QNDXP9dbkY9QWmTAPv4CF,UCDBnBJ2_rN3m97D1RNJju4Q,2021-08-02T00:02:03.110049+00:00,0,UgwtQq7ttNDh3cdzkjV4AaABAg.9QNDXP9dbkY9QQnUzIz7OX,,SkZhO31_f9k,"{""text"":""@JooaoVT"",""mention"":{""externalChannelId"":""UC36CJKLWuU0R-UBhNE7kjgA""}},{""text"":"" não, tudo bem, mas acho q se as pessoas não querem os itens, respeita o direito delas""}",UgwtQq7ttNDh3cdzkjV4AaABAg
UgwtQq7ttNDh3cdzkjV4AaABAg.9QNDXP9dbkY9QU7l0ZLmAc,UCDBnBJ2_rN3m97D1RNJju4Q,2021-07-31T23:19:08.579515+00:00,0,UgwtQq7ttNDh3cdzkjV4AaABAg.9QNDXP9dbkY9QRJPuhVzAv,,SkZhO31_f9k,"{""text"":""@LagartixaPlaysBr"",""mention"":{""externalChannelId"":""UCcaD2Bz38rcVpu2mf8FAQBQ""}},{""text"":"" não vale a pena se envolver com essas pessoas""}",UgwtQq7ttNDh3cdzkjV4AaABAg
UgwtQq7ttNDh3cdzkjV4AaABAg.9QNDXP9dbkY9QU7ddOAFB3,UCDBnBJ2_rN3m97D1RNJju4Q,2021-07-31T23:18:08.13632+00:00,0,UgwtQq7ttNDh3cdzkjV4AaABAg.9QNDXP9dbkY9QQnUzIz7OX,,SkZhO31_f9k,"{""text"":""@Jennifer"",""mention"":{""externalChannelId"":""UCbA-3dCR1GMwcqZW3NFNiGw""}},{""text"":"" kkkkkkk, kid não sabe nem oq fala""}",UgwtQq7ttNDh3cdzkjV4AaABAg
UgwtQq7ttNDh3cdzkjV4AaABAg.9QNDXP9dbkY9QTkYGpImrQ,UCDBnBJ2_rN3m97D1RNJju4Q,2021-07-31T19:47:33.032346+00:00,0,UgwtQq7ttNDh3cdzkjV4AaABAg.9QNDXP9dbkY9QQnUzIz7OX,,SkZhO31_f9k,"{""text"":""@Jennifer"",""mention"":{""externalChannelId"":""UCbA-3dCR1GMwcqZW3NFNiGw""}},{""text"":"" assim q kid age""}",UgwtQq7ttNDh3cdzkjV4AaABAg
UgwtQq7ttNDh3cdzkjV4AaABAg.9QNDXP9dbkY9QRu6e_HtUh,UCDBnBJ2_rN3m97D1RNJju4Q,2021-07-31T02:32:40.881834+00:00,0,UgwtQq7ttNDh3cdzkjV4AaABAg.9QNDXP9dbkY9QRJPuhVzAv,,SkZhO31_f9k,"{""text"":""E, sinceramente, jogo não tem que se misturar com esses tipos de coisa""}",UgwtQq7ttNDh3cdzkjV4AaABAg
UgwtQq7ttNDh3cdzkjV4AaABAg.9QNDXP9dbkY9QRu23dPs96,UCDBnBJ2_rN3m97D1RNJju4Q,2021-07-31T02:32:03.262171+00:00,0,UgwtQq7ttNDh3cdzkjV4AaABAg.9QNDXP9dbkY9QRJPuhVzAv,,SkZhO31_f9k,"{""text"":""@LagartixaPlaysBr"",""mention"":{""externalChannelId"":""UCcaD2Bz38rcVpu2mf8FAQBQ""}},{""text"":"" concordo com vc!!! Eu ainda jogo, mas to pensando em desistir, pois o jogo ta muito tóxico!!!""}",UgwtQq7ttNDh3cdzkjV4AaABAg
UgzmxXeiJXmnbvjWbJd4AaABAg,UCDBnBJ2_rN3m97D1RNJju4Q,2021-06-27T03:54:21.111343+00:00,0,,,9dcbw7QLpmY,"{""text"":""Opa Gou, manda salve pls""}",
UgxT7rHSrJIwQmTKTK14AaABAg,UCDBnBJ2_rN3m97D1RNJju4Q,2021-06-18T00:59:38.506383+00:00,0,,,yxOpxPV5XeQ,"{""text"":""Algm aí já foi esses animais um dia pra saber que cor eles enxergam?""}",
UgwQK-vxWLSyGDaz9Tl4AaABAg,UCDBnBJ2_rN3m97D1RNJju4Q,2021-05-28T20:57:53.420414+00:00,0,,,V92E3SrYbxk,"{""text"":""7:03"",""videoLink"":{""externalVideoId"":""V92E3SrYbxk"",""startTimeSeconds"":423}},{""text"":"" isso aqui ne lembrou o GTA quando vc pegava a pu...""},{""text"":""\n""},{""text"":""\n""},{""text"":""Kkk Mantovani o melhor""}",
UgzSgpBqqVVEzbKv57V4AaABAg,UCDBnBJ2_rN3m97D1RNJju4Q,2021-05-15T16:40:14.613254+00:00,0,,,_D1xJxbFQu8,"{""text"":""Como assim o primeiro? Será que vai ter mais?""}",
UgzVTZ63WD44Zb-Gr-N4AaABAg,UCDBnBJ2_rN3m97D1RNJju4Q,2021-04-20T18:33:24.368125+00:00,0,,,ZJ9za7PdAT0,"{""text"":""Add epic: Maestro_Gab ""},{""text"":""\n""},{""text"":""Plataforma: PS4""}",
UgwlmDuGNpCrEvpvuIJ4AaABAg,UCDBnBJ2_rN3m97D1RNJju4Q,2021-04-13T12:33:02.937467+00:00,0,,,_oh1tOeLG0o,"{""text"":""Add aí: Maestro_Gab ""},{""text"":""\n""},{""text"":""Plataforma: PS4""}",
UgzNLDTuWWwl_djhORR4AaABAg,UCDBnBJ2_rN3m97D1RNJju4Q,2021-04-13T12:32:44.737635+00:00,0,,,_oh1tOeLG0o,"{""text"":""Add pf""}",
UgxgXrLmTaW8QspSEAd4AaABAg,UCDBnBJ2_rN3m97D1RNJju4Q,2021-04-02T11:59:15.564431+00:00,0,,Ugyqhuk-Og435ny1wmB4AaABCQ,,"{""text"":""Videogame""}",
UgyHPdq0DVOH2ZpZNzR4AaABAg.9CcPf9F0Sc_9LZCOyF1rD5,UCDBnBJ2_rN3m97D1RNJju4Q,2021-03-31T15:58:55.062655+00:00,0,UgyHPdq0DVOH2ZpZNzR4AaABAg,,0mdFhko5-lk,"{""text"":""Já chegou kkkkk""}",UgyHPdq0DVOH2ZpZNzR4AaABAg
UgzsBhZaizxGzZGRgA54AaABAg,UCDBnBJ2_rN3m97D1RNJju4Q,2021-03-27T00:02:09.762569+00:00,0,,,sgxmKHUz2zY,"{""text"":""Algm vende hj?""}",
Ugwi-gszjUo9rvy_8214AaABAg,UCDBnBJ2_rN3m97D1RNJju4Q,2021-03-22T01:16:23.522415+00:00,0,,,0nA-mi9hTFw,"{""text"":""Felipe Neto reclama do presidente sem máscara,.mas foi jogar futebol sem máscara tbm""}",
Ugzt-RiW7qyZr3Py1514AaABAg,UCDBnBJ2_rN3m97D1RNJju4Q,2021-03-15T02:13:14.203317+00:00,0,,,evHjp0F1h9M,"{""text"":""Esse tipo de pessoa tem que ir pro 1nfern0""}",
Ugws7alOr80ubeS8YEd4AaABAg,UCDBnBJ2_rN3m97D1RNJju4Q,2021-03-11T23:48:34.171436+00:00,0,,UgyPjCSUCJgzY40ypNp4AaABCQ,,"{""text"":""Marketing""}",
UgxgmPjiRB8ONUkESJd4AaABAg,UCDBnBJ2_rN3m97D1RNJju4Q,2021-03-04T23:07:19.635023+00:00,0,,Ugx-ewQJlWod0Gyyrrd4AaABCQ,,"{""text"":""ROBLOX E ROCKET LEAGUE""}",
UgyRtTwRiek2BTLvfSx4AaABAg,UCDBnBJ2_rN3m97D1RNJju4Q,2021-02-17T18:15:11.532513+00:00,0,,,jdrJUuYL89I,"{""text"":""Mano, o Noex é mto cagado!!!""}",
Ugy8IYAnvjVHb8lusHZ4AaABAg,UCDBnBJ2_rN3m97D1RNJju4Q,2021-01-26T23:02:02.817221+00:00,0,,Ugwasl4FTexatZyVXMB4AaABCQ,,"{""text"":""O meu é (🤟)""}",
UgwM5O6s13w-UOEnFtJ4AaABAg,UCDBnBJ2_rN3m97D1RNJju4Q,2021-01-26T01:50:51.49561+00:00,0,,,UURAZc27LSI,"{""text"":""Pode ser oitfit tema skins de animais""}",
UgxirPoPHLLReQ6Llad4AaABAg,UCDBnBJ2_rN3m97D1RNJju4Q,2021-01-21T10:20:26.431166+00:00,0,,UgwlENHIB3LdOu8I87J4AaABCQ,,"{""text"":""Teletransporte""}",
UgzNuaDUFN5YFUN15ox4AaABAg.9Fgj1FAyrVE9IXTHump4Ux,UCDBnBJ2_rN3m97D1RNJju4Q,2021-01-15T10:13:50.342996+00:00,0,UgzNuaDUFN5YFUN15ox4AaABAg.9Fgj1FAyrVE9GYIz0Ki1vn,,tyB5zAdyZuU,"{""text"":""@Daniele Sousa"",""mention"":{""externalChannelId"":""UCCsdH84VOgHNPzvPsqwu8Tg""}},{""text"":"" oi""}",UgzNuaDUFN5YFUN15ox4AaABAg
UgxuCaacLhmRpjxDeg14AaABAg,UCDBnBJ2_rN3m97D1RNJju4Q,2021-01-03T19:00:52.237193+00:00,0,,,8HE0vmR_V40,"{""text"":""Manda salve""}",
UgyFOgwOsJwsLlR2hK94AaABAg,UCDBnBJ2_rN3m97D1RNJju4Q,2021-01-03T19:00:44.419488+00:00,0,,,8HE0vmR_V40,"{""text"":""Oi""}",
UgzGX_O6k0VzcgYugXF4AaABAg.9HoYTJgyzNn9Hpbjj0fHrC,UCDBnBJ2_rN3m97D1RNJju4Q,2020-12-29T00:10:35.540495+00:00,0,UgzGX_O6k0VzcgYugXF4AaABAg,,4YAq09qEjMM,"{""text"":""Mendigo""}",UgzGX_O6k0VzcgYugXF4AaABAg
UgyXAui_-Ij3voAQfGZ4AaABAg,UCDBnBJ2_rN3m97D1RNJju4Q,2020-12-24T16:56:23.304969+00:00,0,,,uh9B7nDvWrY,"{""text"":""O papai noel apareceu 3 vezes""}",
Ugy22YmFuT-JAUd4lm94AaABAg,UCDBnBJ2_rN3m97D1RNJju4Q,2020-12-21T01:35:07.279215+00:00,0,,,ugr3w1jqY7k,"{""text"":""Me add pf: nick : Maestro_Gab Plataforma: PS4""}",
UgwocRPdlip4ksWPpDx4AaABAg,UCDBnBJ2_rN3m97D1RNJju4Q,2020-12-20T14:46:16.305018+00:00,0,,,18ZbZ_AasA0,"{""text"":""Alguém de 2020 aí?""}",
UgxeJ7v7oEHcmNpk5nl4AaABAg,UCDBnBJ2_rN3m97D1RNJju4Q,2020-12-18T19:11:53.462222+00:00,0,,,3j08YlpCsxA,"{""text"":""Oi""}",
UgwF1cgJqSA-xi3nP5x4AaABAg,UCDBnBJ2_rN3m97D1RNJju4Q,2020-12-04T16:40:44.597678+00:00,0,,,Lj70CRs2wz4,"{""text"":""Que saudade desse filme""}",
UgxWZfCOERVaTjMtmP14AaABAg,UCDBnBJ2_rN3m97D1RNJju4Q,2020-12-01T21:58:33.672455+00:00,0,,,IBOFtosy1Ms,"{""text"":""Oi""}",
Ugx8owzR5mMMyozBNBN4AaABAg,UCDBnBJ2_rN3m97D1RNJju4Q,2020-12-01T14:06:36.31253+00:00,0,,,tEk-w9sQ7ys,"{""text"":""Manda salve""}",
UgwtiWQWEDWLyEBy-Q54AaABAg.9G_2DC9pm-M9Gex1jjcLBq,UCDBnBJ2_rN3m97D1RNJju4Q,2020-11-30T00:13:38.980151+00:00,0,UgwtiWQWEDWLyEBy-Q54AaABAg,,Tart5uvChdo,"{""text"":""Depois que a namorada dele chegou, estragou o canal dele""}",UgwtiWQWEDWLyEBy-Q54AaABAg
UgzvsCpZcE5EVvhK7Dt4AaABAg,UCDBnBJ2_rN3m97D1RNJju4Q,2020-11-30T00:12:42.176778+00:00,0,,,Tart5uvChdo,"{""text"":""Alguém de 2020 aí?""}",
UgzNuaDUFN5YFUN15ox4AaABAg.9Fgj1FAyrVE9GSoSaU-bZB,UCDBnBJ2_rN3m97D1RNJju4Q,2020-11-24T21:48:32.716508+00:00,0,UgzNuaDUFN5YFUN15ox4AaABAg.9Fgj1FAyrVE9GSaQ0xIRbT,,tyB5zAdyZuU,"{""text"":""@Two_"",""mention"":{""externalChannelId"":""UCItB1bmQ6kG6jzPPXwgy7Sw""}},{""text"":"" oi""}",UgzNuaDUFN5YFUN15ox4AaABAg
UgwfIIw8uoJIBK4-pxx4AaABAg,UCDBnBJ2_rN3m97D1RNJju4Q,2020-11-24T12:37:49.218499+00:00,0,,,K-ZRtHiGIi0,"{""text"":""Vim pelo Mantovani""}",
UgwnVrQEpug8sS0yloZ4AaABAg,UCDBnBJ2_rN3m97D1RNJju4Q,2020-11-21T00:40:19.139448+00:00,0,,,OYjQcYOT1Oc,"{""text"":""Me add por favor      nick: Maestro_Gab Plataforma: PS4""}",
UgxNj6RWNa4ewhkQ7rN4AaABAg,UCDBnBJ2_rN3m97D1RNJju4Q,2020-11-21T00:39:55.772601+00:00,0,,,OYjQcYOT1Oc,"{""text"":""Primeiro a comentar""}",
UgyLWcV6zsNZYu-Zrz14AaABAg,UCDBnBJ2_rN3m97D1RNJju4Q,2020-11-19T21:40:12.50603+00:00,0,,,phn_w7E2vew,"{""text"":""Segue meu istagram @gui_naca_2020""}",
UgzpfETNewq8pyAVYZx4AaABAg,UCDBnBJ2_rN3m97D1RNJju4Q,2020-11-19T21:39:50.530982+00:00,0,,,phn_w7E2vew,"{""text"":""Oi""}",
UgyQonEhm1HZruVCEcl4AaABAg.9Fw_d4HPZL09FwjB3VnbYT,UCDBnBJ2_rN3m97D1RNJju4Q,2020-11-12T01:27:31.049748+00:00,0,UgyQonEhm1HZruVCEcl4AaABAg,UgyD25emVDNz3ijdx3t4AaABCQ,,"{""text"":""Qiem joga ff é CORNO""}",UgyQonEhm1HZruVCEcl4AaABAg
Ugy0MezK4fDzgzcrqZd4AaABAg,UCDBnBJ2_rN3m97D1RNJju4Q,2020-11-12T01:26:50.537469+00:00,0,,UgyD25emVDNz3ijdx3t4AaABCQ,,"{""text"":""Educado vs mal educado""}",
Ugw9yt-v3A8Hf5ooC6p4AaABAg.92NyljFnqNd9FowR9z_Jcs,UCDBnBJ2_rN3m97D1RNJju4Q,2020-11-09T00:49:23.609218+00:00,0,Ugw9yt-v3A8Hf5ooC6p4AaABAg.92NyljFnqNd93Ij9INx1Ay,,XHYc0WZE_b4,"{""text"":""@icaro lonely"",""mention"":{""externalChannelId"":""UChvzaQzcr3VL_LUv3NEr6SA""}},{""text"":"" É sim, pois esse charizard vale 3.000 reais, e vc deve estar só no videogame sem nada para fazer""}",Ugw9yt-v3A8Hf5ooC6p4AaABAg
UgyO8GUFgQnl2HcOn4V4AaABAg.9Fgxutwb57y9FhA80Noz5_,UCDBnBJ2_rN3m97D1RNJju4Q,2020-11-06T00:23:55.560098+00:00,0,UgyO8GUFgQnl2HcOn4V4AaABAg,,AiErvUspc3g,"{""text"":""Apoio demais""}",UgyO8GUFgQnl2HcOn4V4AaABAg
UgzNuaDUFN5YFUN15ox4AaABAg,UCDBnBJ2_rN3m97D1RNJju4Q,2020-11-05T20:18:20.311345+00:00,0,,,tyB5zAdyZuU,"{""text"":""Oi""}",
UgxUmY-Bg4HMYRuOnGZ4AaABAg,UCDBnBJ2_rN3m97D1RNJju4Q,2020-10-27T13:33:01.832537+00:00,0,,,xLfKyAqCUjU,"{""text"":""Um dos primeiros a comentar""}",
UgyKi2PsvlmejRG0oex4AaABAg.9ElBuk69ZcV9FIQlARKEmw,UCDBnBJ2_rN3m97D1RNJju4Q,2020-10-27T00:28:57.969109+00:00,0,UgyKi2PsvlmejRG0oex4AaABAg,,Mi6fn9VDSWw,"{""text"":""Eu""}",UgyKi2PsvlmejRG0oex4AaABAg
Ugx6e-yyTJ3d2tOsmNR4AaABAg.9Ey2zDCC6so9Ey3zv9zNpl,UCDBnBJ2_rN3m97D1RNJju4Q,2020-10-18T17:25:57.05634+00:00,0,Ugx6e-yyTJ3d2tOsmNR4AaABAg,,YV0HaB1Nw8E,"{""text"":""Dá uma skin""}",Ugx6e-yyTJ3d2tOsmNR4AaABAg
Ugxy58xGyewi5AJj9Kd4AaABAg,UCDBnBJ2_rN3m97D1RNJju4Q,2020-10-15T21:15:33.223165+00:00,0,,,pE-rh-8S2hY,"{""text"":""Manda salve""}",
UgxpGyIqUN7lqZn3uA14AaABAg,UCDBnBJ2_rN3m97D1RNJju4Q,2020-10-08T21:38:59.503448+00:00,0,,, -beLFq2lWdo,"{""text"":""Que vai vencer vai ser o Jonesy""}",
Ugw2RBTSIuGBN-bi1wN4AaABAg,UCDBnBJ2_rN3m97D1RNJju4Q,2020-10-07T22:56:37.655222+00:00,0,,,1aBqFvVfmnc,"{""text"":""Plataforma: PS4""}",
Ugy8mLm1HTRztNqhx7h4AaABAg,UCDBnBJ2_rN3m97D1RNJju4Q,2020-10-07T22:56:24.360986+00:00,0,,,1aBqFvVfmnc,"{""text"":""Me add por favor nick: Maestro_Gab""}",
UgzautKJNzBiw8zx4s94AaABAg,UCDBnBJ2_rN3m97D1RNJju4Q,2020-09-30T21:55:56.390828+00:00,0,,,FiY3HA7hKio,"{""text"":""Me add""},{""text"":""\n""},{""text"":""Nick: Maestro_Gab ""},{""text"":""\n""},{""text"":""Plataforma: PS4""}",
Ugx6zkD7yCiD4gEg3gB4AaABAg,UCDBnBJ2_rN3m97D1RNJju4Q,2020-09-14T00:04:49.099973+00:00,0,,,ydC-1PTOEno,"{""text"":""Me add por favor""},{""text"":""\n""},{""text"":""Nick: Maestro_Gab ""},{""text"":""\n""},{""text"":""Plataforma: PS4""}",
Ugzf9bmvFeucKwuSPQl4AaABAg,UCDBnBJ2_rN3m97D1RNJju4Q,2020-09-09T17:16:30.034604+00:00,0,,UgzHGQjBKZeDHQ4ZuYd4AaABCQ,,"{""text"":""Temporada 5""}",
UgwNWrdwNf71VOpKBWB4AaABAg,UCDBnBJ2_rN3m97D1RNJju4Q,2020-09-02T14:33:21.899244+00:00,0,,,25kzlkeYSGQ,"{""text"":""Me add pf""},{""text"":""\n""},{""text"":""Nick: Maestro_Gab ""},{""text"":""\n""},{""text"":""Plataforma: PS4""}",
UgwLv8Qv9r2Mr_6o-x14AaABAg,UCDBnBJ2_rN3m97D1RNJju4Q,2020-09-01T13:20:13.906474+00:00,0,,,5frgeg-Cw_g,"{""text"":""Alguém brasileiro ?""}",
UgzQAYnjosfXAKwlAoJ4AaABAg,UCDBnBJ2_rN3m97D1RNJju4Q,2020-08-21T22:11:47.989944+00:00,0,,,rDoZt259va0,"{""text"":""Da like nick""}",
UgyT2_mI0W-D2cqjfn14AaABAg,UCDBnBJ2_rN3m97D1RNJju4Q,2020-08-21T22:11:28.927829+00:00,0,,,rDoZt259va0,"{""text"":""42 a comentar""}",
UgwyF8VN_cWEhfth7wB4AaABAg,UCDBnBJ2_rN3m97D1RNJju4Q,2020-08-05T14:48:49.455197+00:00,0,,,HWTi4GQdzWg,"{""text"":""Me add aí pf""},{""text"":""\n""},{""text"":""Nick: Maestro_Gab ""},{""text"":""\n""},{""text"":""Plataforma: PS4""}",
UgwNacsLpklGjOdQAtN4AaABAg,UCDBnBJ2_rN3m97D1RNJju4Q,2020-07-21T16:06:53.168985+00:00,0,,,9oCM51BQIVM,"{""text"":""Melhor youtuber""}",
UgwVWIkCC_i6qwMm79h4AaABAg,UCDBnBJ2_rN3m97D1RNJju4Q,2020-07-21T13:31:47.820253+00:00,0,,,901_ShxnWWs,"{""text"":""Primeiro a comentar""}",
UgyVseHGdyj_B-F2SYl4AaABAg,UCDBnBJ2_rN3m97D1RNJju4Q,2020-07-20T23:49:38.598297+00:00,0,,,AWk7Qv0AkoM,"{""text"":""Me add por favor nick: Maestro_Gab""},{""text"":""\n""},{""text"":""Plataforma: PS4""}",
Ugydzr-gnj2ImdJM_bx4AaABAg,UCDBnBJ2_rN3m97D1RNJju4Q,2020-07-19T18:17:26.628241+00:00,0,,,cUqNb077JjQ,"{""text"":""Me add mantovani, nick: Maestro_Gab""},{""text"":""\n""},{""text"":""Plataforma: ps4""}",
UgztrkSti67v4ONmZK54AaABAg,UCDBnBJ2_rN3m97D1RNJju4Q,2020-07-19T18:08:46.380042+00:00,0,,,_TIRM23YAOs,"{""text"":""527 a comentar""}",
UgxH05CoaRQHTQ9rDFV4AaABAg,UCDBnBJ2_rN3m97D1RNJju4Q,2020-07-19T17:22:14.997218+00:00,0,,,qvYdeCYL_10,"{""text"":""Nick: Maestro_Gab""},{""text"":""\n""},{""text"":""Plataforma: PS4""}",
UgyGFXRy-ETynJjocK14AaABAg,UCDBnBJ2_rN3m97D1RNJju4Q,2020-07-18T17:27:15.556364+00:00,0,,,TNYAZPf3l78,"{""text"":""Nick: Maestro_Gab""}",
Ugx7hCTcHb8i3q4MaPZ4AaABAg.8q6_pjd09Gd9BD8TWZHWH-,UCDBnBJ2_rN3m97D1RNJju4Q,2020-07-17T13:07:21.218389+00:00,0,Ugx7hCTcHb8i3q4MaPZ4AaABAg,,PAGgGTFY8kY,"{""text"":""Minha casa""}",Ugx7hCTcHb8i3q4MaPZ4AaABAg
UgyF2GQ0TWpCIfYihS94AaABAg,UCDBnBJ2_rN3m97D1RNJju4Q,2020-07-14T01:43:06.157975+00:00,0,,,IrYO0au9U3U,"{""text"":""Please me adiciona""}",
UgwG3HjVsxpVzVqxart4AaABAg,UCDBnBJ2_rN3m97D1RNJju4Q,2020-07-14T01:42:41.995468+00:00,0,,,IrYO0au9U3U,"{""text"":""Maestro_Gab""}",
UgzOmAbhC1FKwp1stu94AaABAg,UCDBnBJ2_rN3m97D1RNJju4Q,2020-07-10T17:36:22.529714+00:00,0,,,D9Ut73CohT0,"{""text"":""Eu queroooooooo o pacoteeeewww""}",
Ugynf9RHR1aM6ZJiZE94AaABAg,UCDBnBJ2_rN3m97D1RNJju4Q,2020-07-09T01:35:42.385947+00:00,0,,,-5ZkD_F1g68,"{""text"":""Quero o Capitão América pooooor favooooor""}",
UgzW9eazu0Lgl8SLOZ54AaABAg,UCDBnBJ2_rN3m97D1RNJju4Q,2020-07-08T20:09:49.413516+00:00,0,,,n196FPJ-YLI,"{""text"":""Vai dar certo""}",
Ugz34Cwn_pdWH-uULyZ4AaABAg,UCDBnBJ2_rN3m97D1RNJju4Q,2020-07-02T17:21:35.787444+00:00,0,,,ByH5pR76FAg,"{""text"":""Maestro_Gab""}",
UgyNzOqCtzzsCg_6bP14AaABAg,UCDBnBJ2_rN3m97D1RNJju4Q,2020-06-27T18:42:58.643046+00:00,0,,,3VMmFHX9VRI,"{""text"":""Muito bom""}",
UgwIbMngkpj7BRkDUFF4AaABAg,UCDBnBJ2_rN3m97D1RNJju4Q,2020-06-19T23:15:50.568774+00:00,0,,,_-uTO2VMHEM,"{""text"":""Dividimos nosso almoço: o cameraman falou mato, só que estava escrito mano""}",
UgxyC4fSWbha7p69gO94AaABAg,UCDBnBJ2_rN3m97D1RNJju4Q,2020-06-08T22:37:07.077791+00:00,0,,,di_TfJKFvvI,"{""text"":""#Mamão"",""hashtag"":{""hashtagId"":""mamão""}}",
UgyzIoBKrFBI8WU7O4p4AaABAg,UCDBnBJ2_rN3m97D1RNJju4Q,2020-06-04T20:53:24.286823+00:00,0,,,BxsoDRQtAI4,"{""text"":""Quero a parte 2""}",
UgzUxgJCeGObR4mfBKJ4AaABAg,UCDBnBJ2_rN3m97D1RNJju4Q,2020-05-29T21:00:43.807912+00:00,0,,,piqHtyH8E2g,"{""text"":""Plataforma: PS4""},{""text"":""\n""},{""text"":""Nick: Maestro_Gab""}",
Ugzv_s_ylMp6IjUIJXZ4AaABAg,UCDBnBJ2_rN3m97D1RNJju4Q,2020-05-29T21:00:26.647627+00:00,0,,,piqHtyH8E2g,"{""text"":""Plataforma: PS4""},{""text"":""\n""},{""text"":""Nick: Maestro_Gab""}",
UgwHEnVI_bURlLlvz9t4AaABAg,UCDBnBJ2_rN3m97D1RNJju4Q,2020-05-29T21:00:15.676796+00:00,0,,,piqHtyH8E2g,"{""text"":""Plataforma: PS4""},{""text"":""\n""},{""text"":""Nick: Maestro_Gab""}",
Ugyn5yL3VSuFAk4kHAZ4AaABAg,UCDBnBJ2_rN3m97D1RNJju4Q,2020-05-29T21:00:08.213035+00:00,0,,,piqHtyH8E2g,"{""text"":""Plataforma: PS4""},{""text"":""\n""},{""text"":""Nick: Maestro_Gab""}",
UgzR4_hwhLWX6wPLTtd4AaABAg,UCDBnBJ2_rN3m97D1RNJju4Q,2020-05-29T21:00:03.8528+00:00,0,,,piqHtyH8E2g,"{""text"":""Plataforma: PS4""},{""text"":""\n""},{""text"":""Nick: Maestro_Gab""}",
UgwNb5LM4cuwxwOiRQN4AaABAg,UCDBnBJ2_rN3m97D1RNJju4Q,2020-05-29T20:59:59.039195+00:00,0,,,piqHtyH8E2g,"{""text"":""Plataforma: PS4""},{""text"":""\n""},{""text"":""Nick: Maestro_Gab""}",
Ugy5lfe94WUfzFXuG_B4AaABAg,UCDBnBJ2_rN3m97D1RNJju4Q,2020-05-29T20:59:49.394525+00:00,0,,,piqHtyH8E2g,"{""text"":""Plataforma: PS4""},{""text"":""\n""},{""text"":""Nick: Maestro_Gab""}",
UgydqdVbS9xcYwhiH2F4AaABAg,UCDBnBJ2_rN3m97D1RNJju4Q,2020-05-29T20:59:40.55486+00:00,0,,,piqHtyH8E2g,"{""text"":""Plataforma: PS4""},{""text"":""\n""},{""text"":""Nick: Maestro_Gab""}",
UgxAFWEYyo0igAkqUQV4AaABAg,UCDBnBJ2_rN3m97D1RNJju4Q,2020-05-29T20:59:34.847118+00:00,0,,,piqHtyH8E2g,"{""text"":""Plataforma: PS4""},{""text"":""\n""},{""text"":""Nick: Maestro_Gab""}",
UgwznqU-qu4a1v92LqZ4AaABAg,UCDBnBJ2_rN3m97D1RNJju4Q,2020-05-29T20:59:30.01473+00:00,0,,,piqHtyH8E2g,"{""text"":""Plataforma: PS4""},{""text"":""\n""},{""text"":""Nick: Maestro_Gab""}",
Ugw0pOO-CSyLhnOGAQN4AaABAg,UCDBnBJ2_rN3m97D1RNJju4Q,2020-05-29T20:59:23.144782+00:00,0,,,piqHtyH8E2g,"{""text"":""Plataforma: PS4""},{""text"":""\n""},{""text"":""Nick: Maestro_Gab""}",
UgxvdCT8FIT2cuxffOF4AaABAg,UCDBnBJ2_rN3m97D1RNJju4Q,2020-05-29T20:59:17.225212+00:00,0,,,piqHtyH8E2g,"{""text"":""Plataforma: PS4""},{""text"":""\n""},{""text"":""Nick: Maestro_Gab""}",
Ugz0BL9JQqCgftk3v9B4AaABAg,UCDBnBJ2_rN3m97D1RNJju4Q,2020-05-29T20:59:11.941713+00:00,0,,,piqHtyH8E2g,"{""text"":""Plataforma: PS4""},{""text"":""\n""},{""text"":""Nick: Maestro_Gab""}",
Ugy1zr7uSnjcnxbJJOh4AaABAg,UCDBnBJ2_rN3m97D1RNJju4Q,2020-05-29T20:58:44.012029+00:00,0,,,piqHtyH8E2g,"{""text"":""Plataforma: PS4""},{""text"":""\n""},{""text"":""Nick: Maestro_Gab""}",
Ugy-Cu6v-mSr0h5o3XJ4AaABAg,UCDBnBJ2_rN3m97D1RNJju4Q,2020-05-29T20:58:38.278378+00:00,0,,,piqHtyH8E2g,"{""text"":""Plataforma: PS4""},{""text"":""\n""},{""text"":""Nick: Maestro_Gab""}",
UgyA7ES81sBZlT9kTGp4AaABAg,UCDBnBJ2_rN3m97D1RNJju4Q,2020-05-29T20:58:33.756039+00:00,0,,,piqHtyH8E2g,"{""text"":""Plataforma: PS4""},{""text"":""\n""},{""text"":""Nick: Maestro_Gab""}",
UgzjvHQeGo4bvQFhc4J4AaABAg,UCDBnBJ2_rN3m97D1RNJju4Q,2020-05-29T20:58:28.752886+00:00,0,,,piqHtyH8E2g,"{""text"":""Plataforma: PS4""},{""text"":""\n""},{""text"":""Nick: Maestro_Gab""}",
Ugx7TdNX_XodtaZfsmF4AaABAg,UCDBnBJ2_rN3m97D1RNJju4Q,2020-05-29T20:58:23.737635+00:00,0,,,piqHtyH8E2g,"{""text"":""Plataforma: PS4""},{""text"":""\n""},{""text"":""Nick: Maestro_Gab""}",
UgxvhVePILIw2QktxVR4AaABAg,UCDBnBJ2_rN3m97D1RNJju4Q,2020-05-29T20:58:18.928255+00:00,0,,,piqHtyH8E2g,"{""text"":""Plataforma: PS4""},{""text"":""\n""},{""text"":""Nick: Maestro_Gab""}",
UgwGl5c6IhbIB1pSHo14AaABAg,UCDBnBJ2_rN3m97D1RNJju4Q,2020-05-29T20:58:13.82776+00:00,0,,,piqHtyH8E2g,"{""text"":""Plataforma: PS4""},{""text"":""\n""},{""text"":""Nick: Maestro_Gab""}",
UgwshhkE6DLhA7XvRv14AaABAg,UCDBnBJ2_rN3m97D1RNJju4Q,2020-05-29T20:58:02.288986+00:00,0,,,piqHtyH8E2g,"{""text"":""Plataforma: PS4""},{""text"":""\n""},{""text"":""Nick: Maestro_Gab""}",
UgwSkL0iQ7vFNxM-TCh4AaABAg,UCDBnBJ2_rN3m97D1RNJju4Q,2020-05-29T20:57:55.30815+00:00,0,,,piqHtyH8E2g,"{""text"":""Plataforma: PS4""},{""text"":""\n""},{""text"":""Nick: Maestro_Gab""}",
Ugxn8-hKtR4mcPD13zJ4AaABAg,UCDBnBJ2_rN3m97D1RNJju4Q,2020-05-29T20:57:44.041445+00:00,0,,,piqHtyH8E2g,"{""text"":""Plataforma: PS4""},{""text"":""\n""},{""text"":""Nick: Maestro_Gab""}",
UgznsGXlTDUxO0i7U114AaABAg,UCDBnBJ2_rN3m97D1RNJju4Q,2020-05-29T20:57:38.446264+00:00,0,,,piqHtyH8E2g,"{""text"":""Plataforma: PS4""},{""text"":""\n""},{""text"":""Nick: Maestro_Gab""}",
UgzYk4b2HDoE1j1y-bx4AaABAg,UCDBnBJ2_rN3m97D1RNJju4Q,2020-05-29T20:50:31.488977+00:00,0,,,piqHtyH8E2g,"{""text"":""Plataforma: PS4""},{""text"":""\n""},{""text"":""Nick: Maestro_Gab""}",
UgyI8hIacDN2GH3n1OZ4AaABAg,UCDBnBJ2_rN3m97D1RNJju4Q,2020-05-29T20:50:24.772738+00:00,0,,,piqHtyH8E2g,"{""text"":""Plataforma: PS4""},{""text"":""\n""},{""text"":""Nick: Maestro_Gab""}",
Ugy1RozUzvGIQ3Wraa14AaABAg,UCDBnBJ2_rN3m97D1RNJju4Q,2020-05-21T11:38:52.942629+00:00,0,,,1gScU8-zPjk,"{""text"":""Enaldinho fakezao""}",
UgwX9-0zRul6S2MYgGV4AaABAg,UCDBnBJ2_rN3m97D1RNJju4Q,2020-05-15T16:52:59.077369+00:00,0,,,ZkAO7PRA1Bg,"{""text"":""Plataforma: ps4""},{""text"":""\n""},{""text"":""Nick: Maestro_Gab""},{""text"":""\n""},{""text"":""Apoiador como sempre: canal intenso""}",
UgxyIRhIeCCbbKV__714AaABAg,UCDBnBJ2_rN3m97D1RNJju4Q,2020-04-20T11:47:57.252795+00:00,0,,,DLpjgVuj-48,"{""text"":""Obrigado pela aula""}",
Ugx_sEZpIGF0WXnWEIB4AaABAg,UCDBnBJ2_rN3m97D1RNJju4Q,2020-04-17T22:46:26.077358+00:00,0,,,jzLQunoByDA,"{""text"":""17 de abril""}",
UgzPt91JXVkqo75ytZl4AaABAg,UCDBnBJ2_rN3m97D1RNJju4Q,2020-04-15T18:14:01.483088+00:00,0,,,Bs1K7xXn9Ug,"{""text"":""Faz um vídeo de terror""}",
UgxUf0VPpfcuLgHlNuR4AaABAg,UCDBnBJ2_rN3m97D1RNJju4Q,2020-04-12T16:02:29.56912+00:00,0,,,HLvxWubqUms,"{""text"":""Deixa o like""}",
UgyfCvl4saUTnc6ahJ94AaABAg,UCDBnBJ2_rN3m97D1RNJju4Q,2020-04-11T17:51:39.172895+00:00,0,,,UiI8VXHPMmM,"{""text"":""4 a comentar""}",
Ugys69tnfy6UQijXlpF4AaABAg,UCDBnBJ2_rN3m97D1RNJju4Q,2020-04-11T15:33:48.62507+00:00,0,,,6U1RcxzgIwA,"{""text"":""Me dá skin, se não eu vou começar a apoiar o flakes""}",
UgwFtXrVS4DNDk04C4N4AaABAg,UCDBnBJ2_rN3m97D1RNJju4Q,2020-04-10T23:07:18.151872+00:00,0,,,u5UTaK95a8w,"{""text"":""2 a comentar""}",
UgxJ9KZH-muzaiE4wOZ4AaABAg,UCDBnBJ2_rN3m97D1RNJju4Q,2019-05-25T02:06:18.941058+00:00,0,,,wVnBp6HAuRo,"{""text"":""Nescau""}",
UgyqfzW-Qjs952YbUKd4AaABAg,UCDBnBJ2_rN3m97D1RNJju4Q,2019-05-21T19:41:35.768702+00:00,0,,UgyKXDI28P9EjzzqF814AaABCQ,,"{""text"":""Eu adoro seus vídeos""}",
UgwOof3pqVwzKNjIIQJ4AaABAg,UCDBnBJ2_rN3m97D1RNJju4Q,2019-04-26T19:46:07.850295+00:00,0,,, -ZRudXgLsNs,"{""text"":""#homemaranhasoumiau"",""hashtag"":{""hashtagId"":""homemaranhasoumiau""}}",
UgxBehaW892FX2OspIZ4AaABAg,UCDBnBJ2_rN3m97D1RNJju4Q,2019-04-02T00:26:58.370791+00:00,0,,,qIcfqmbZX00,"{""text"":""#futebol"",""hashtag"":{""hashtagId"":""futebol""}}",
UgxmXAhGP5-Mvfq4-uh4AaABAg,UCDBnBJ2_rN3m97D1RNJju4Q,2019-03-20T00:30:03.988296+00:00,0,,UgwWI5VL_LzBZorPaAx4AaABCQ,,"{""text"":""São Paulo e São Paulo""}",
UgzOREeAXnV-81iewjl4AaABAg,UCDBnBJ2_rN3m97D1RNJju4Q,2019-01-25T20:48:28.544818+00:00,0,,,xAQ3QLYNFYk,"{""text"":""Tem problema""}",
UgzfeIpsldn0eTedrTt4AaABAg,UCDBnBJ2_rN3m97D1RNJju4Q,2019-01-18T11:41:23.110196+00:00,0,,UgwaBn8Ynaa2NGg5yYt4AaABCQ,,"{""text"":""Parte 8 do zap por favor""}",
UgxHbQDW2UIiQGpg0Vp4AaABAg,UCDBnBJ2_rN3m97D1RNJju4Q,2019-01-15T01:53:36.871277+00:00,0,,,7kD9Peau8Y4,"{""text"":""Em turbo aparece uma placa escrita sherman""}",
UgzHOp0O2UZZ7_GRDKh4AaABAg,UCDBnBJ2_rN3m97D1RNJju4Q,2019-01-08T10:06:45.204159+00:00,0,,,9u-_jLcGGRE,"{""text"":""#AREACURIOSA"",""hashtag"":{""hashtagId"":""areacuriosa""}}",
Ugx1LTcTMsX6p6cTCKd4AaABAg,UCDBnBJ2_rN3m97D1RNJju4Q,2018-12-21T01:10:10.516918+00:00,0,,,erKxhuuW2aw,"{""text"":""Amigo da Ana é Nicolas""}",
Ugw0Vxw6G8Gny6NrAih4AaABAg,UCDBnBJ2_rN3m97D1RNJju4Q,2018-11-13T17:41:59.201824+00:00,0,,UgyQdu8v2iRVRVbLMpp4AaABCQ,,"{""text"":""Coisas que bebês fazem""}",
UgyGhGoRnG7yDQ1GSwp4AaABAg,UCDBnBJ2_rN3m97D1RNJju4Q,2018-10-14T00:59:04.416184+00:00,0,,,8_2OW5Lqe8c,"{""text"":""Mega skarmory""}",
UgyttAbQmp0r79EVpo14AaABAg,UCDBnBJ2_rN3m97D1RNJju4Q,2018-10-06T16:48:27.353292+00:00,0,,,uHRDYgONHt0,"{""text"":""Eu vou votar no BrUn1Nh0 P4s e 4M0r""}",
Ugy1XuGLguJ7SYO9mPN4AaABAg,UCDBnBJ2_rN3m97D1RNJju4Q,2018-10-04T00:01:25.96901+00:00,0,,,T7dT2M9XXGU,"{""text"":""Área Curiosa""}",
UgxB2fGicptdYKjgGq54AaABAg,UCDBnBJ2_rN3m97D1RNJju4Q,2018-08-20T23:29:06.087063+00:00,0,,UgzAdhd6Y9pGDrbT8BJ4AaABCQ,,"{""text"":""O bebê porque ele é engraçado""}",
UgwM_C5ePF6hAS5-oX54AaABAg,UCDBnBJ2_rN3m97D1RNJju4Q,2018-08-05T19:24:49.155847+00:00,0,,,RvX0aTQVGLQ,"{""text"":""Ir em um lugar longe e falar que é outro país""}",
Ugyc53nKveiKNK8ahaJ4AaABAg,UCDBnBJ2_rN3m97D1RNJju4Q,2018-07-30T13:27:55.105866+00:00,0,,,Ua5vODPbWxw,"{""text"":""#sorte"",""hashtag"":{""hashtagId"":""sorte""}}",
UgwGYpuaPD6-Y77_P1t4AaABAg,UCDBnBJ2_rN3m97D1RNJju4Q,2018-07-07T21:34:37.636806+00:00,0,,,n-Mn4Mpok7o,"{""text"":""#tinho"",""hashtag"":{""hashtagId"":""tinho""}}",
UgxjYsoehljKQjStrVd4AaABAg,UCDBnBJ2_rN3m97D1RNJju4Q,2018-07-07T21:34:23.175687+00:00,0,,,n-Mn4Mpok7o,"{""text"":""#soumiau"",""hashtag"":{""hashtagId"":""soumiau""}}",
UgyzREMQpgxGsGqvqC54AaABAg,UCDBnBJ2_rN3m97D1RNJju4Q,2018-07-05T19:38:13.92042+00:00,0,,,xxcpbNLwiqI,"{""text"":""Eu iria escolher o Cristiano Ronaldo""}",
UgwpHC9dTI50AeqSK7Z4AaABAg,UCDBnBJ2_rN3m97D1RNJju4Q,2018-06-23T09:43:00.639653+00:00,0,,UgxAykRsNVK5xrG28GZ4AaABCQ,,"{""text"":""Você é demais merece mais que infinitos inscritos""}",
UgwpaV8jsaAl-CqwevJ4AaABAg,UCDBnBJ2_rN3m97D1RNJju4Q,2018-06-07T23:32:15.486599+00:00,0,,,X2DxAzIxZqU,"{""text"":""Homem aranha ""},{""text"":""#soumiauheroi"",""hashtag"":{""hashtagId"":""soumiauheroi""}},{""text"":""#""}",
UgwPbyCgw0xgfhWS1rx4AaABAg,UCDBnBJ2_rN3m97D1RNJju4Q,2018-05-17T00:22:46.048822+00:00,0,,,qP29Gxrywvg,"{""text"":""#soumiau"",""hashtag"":{""hashtagId"":""soumiau""}}",
UgzSiRGPFOPnN0vYL3V4AaABAg,UCDBnBJ2_rN3m97D1RNJju4Q,2018-05-17T00:21:26.018694+00:00,0,,,qP29Gxrywvg,"{""text"":""#acertouNão"",""hashtag"":{""hashtagId"":""acertounão""}}",
UgwiVZMpJgLy0bLRChl4AaABAg,UCDBnBJ2_rN3m97D1RNJju4Q,2018-04-05T14:15:04.183372+00:00,0,,,y66JG2VHgvk,"{""text"":""Para mim é o dos canhotos""}",
UgzANDhPsbrVBOD2GMt4AaABAg,UCDBnBJ2_rN3m97D1RNJju4Q,2018-03-09T23:05:31.753519+00:00,0,,,q-bc_CUihRY,"{""text"":""Eu dei like na Fanta uva""}",





