video_id,canal_id,categoria_id,titulo,tags,duracao_segundos,idioma_padrao,view_count,like_count,data_publicacao
wXnBvfuSJwU,UCXZ-bUSVDTo-zhXuKXd0WsQ,19,CONHEÇA UM CRUZEIRO DA MSC!,MSC Cruzeiros|MSC Seaview,1081,pt-PT,61,9,2026-02-28T20:25:48Z
2zajmVK9DqU,UCZiYbVptd3PVPf4f6eR6UaQ,17,JOGO COMPLETO: NOVORIZONTINO X CORINTHIANS | PAULISTÃO 2026 | SEMIFINAL,assistir corinthians|assistir paulistão 2026|casimiro|casimiro ao vivo|casimiro jogos|caze tv ao vivo|cazetv|cazé ao vivo|cazé tv|cazétv|cazétv ao vivo|corinthians ao vivo|corinthians novorizontino|jogo corinthians|jogo novorizontino|novorizontino ao vivo|novorizontino corinthians|novorizontino x corinthians|paulistao 2026|paulistão 2026|corinthians cazetv|futebol ao vivo|corinthians paulistao|paulistao|semifinal paulistao,21520,pt-BR,11758666,416071,2026-03-01T04:16:31Z
I5wQa_XFiNY,UChXD5FUP9ddvbdjRTvR0eVg,17,bem-vindo ao Corinthians Jesse lingard #futebol #corinthians #futebolbrasileiro #loucosporfutebol,,62,pt-PT,1357,93,2026-02-27T22:26:22Z
AE3q5yvGdAI,UC6kDHa_gPuY6S1b15fLfL3A,17,Esse foi um jogão! #corinthians #futebolbrasileiro #grêmio,,51,pt-PT,178756,7762,2026-02-19T12:26:44Z
TYitKN4AKSw,UCE2I0QRDRkmg0xx3lNDuxlg,22,Meant to do that all along...😏 #rocketleague,,36,en,3628088,145586,2026-02-03T04:01:01Z
kRn_sHXGuUs,UCyQAD2xeFqFA0Qugk5oPSaA,17,Novorizontino x Corinthians - 2020 | O Timão de Tiago Nunes praticava o futebol arte 💀,,92,pt-PT,56886,3059,2026-02-26T20:31:47Z
YIB3WOl7y5M,UCZiYbVptd3PVPf4f6eR6UaQ,17,JOGO COMPLETO: PORTUGUESA X CORINTHIANS | PAULISTÃO 2026 | QUARTAS DE FINAL,assistir corinthians|assistir paulistão 2026|casimiro|casimiro ao vivo|casimiro jogos|caze tv ao vivo|cazetv|cazé ao vivo|cazé tv|cazétv|cazétv ao vivo|corinthians ao vivo|corinthians portuguesa|jogo corinthians|jogo portuguesa|paulistao 2026|paulistão 2026|paulistão 2026 ao vivo|portuguesa ao vivo|portuguesa corinthians|portuguesa x corinthians|futebol ao vivo|corintians|corinthians paulistao|corinthians cazetv|corinthians casimiro,23370,pt-BR,14091713,495063,2026-02-23T07:28:00Z
UcQktXxDj0M,UCXmU7SB2oSVJIdExIa2jq6Q,22,TIMES DO BRASILEIRÃO 2020. #futebol #brasileirao #quiz,,135,pt-PT,470618,31738,2026-02-05T15:08:06Z
CKKNWPIb6us,UC8K22Z5eFVAEAAKBkNQpBsA,20,BRUXA SOMBRIA VS BRUXA NORMAL… QUEM GANHA? 🧙‍♀️ #clashroyale,,50,pt-BR,469538,23719,2026-02-12T23:30:07Z
pinzREiZJgE,UCyQAD2xeFqFA0Qugk5oPSaA,17,Todos os Gols de Yuri Alberto contra os clubes grandes do Rio de Janeiro pelo Corinthians! ⚽️9️⃣,,71,pt-PT,566371,34159,2026-02-02T18:00:33Z
mRsLcC-fRgU,UCZiYbVptd3PVPf4f6eR6UaQ,17,JOGO COMPLETO: ATHLETICO PARANAENSE X CORINTHIANS | BRASILEIRÃO 2026 | 2ª RODADA,assistir brasileirão 2026|brasileirao 2026|brasileirão 2026|brasileirão 2026 ao vivo|casimiro|casimiro ao vivo|casimiro jogos|caze tv ao vivo|cazetv|cazé ao vivo|cazé tv|cazétv|cazétv ao vivo|assistir futebol|futebol ao vivo|jogo ao vivo|jogo corinthians|corinthians ao vivo|assistir corinthians|corinthians cazetv|atletico|athtletico|corinthians athletico|corinthians atletico|jogo atletico|corinthians cazerv,25655,pt-BR,8680401,430778,2026-02-20T04:01:22Z
NXNUJ_Rw1N0,UCtYzzpFnlioS1WnZ-21V78A,22,Clubes da carreira,,77,pt-PT,544661,37081,2026-02-12T01:41:35Z
VKx7nyXBO8c,UCqBlHbMB5GRDwOIvhZ2OVow,17,Rank Top 5 Gols de Goleiro do Futebol! #futebol #goleiro #top5 #ranking #shorts,,46,pt-BR,1232249,79258,2026-02-06T23:49:13Z
iVqij5f_txI,UCyQAD2xeFqFA0Qugk5oPSaA,17,Primeiro Gol do Corinthians nas Últimas Edições do Brasileirão (2014-2026) 1️⃣⚽️,,120,pt-PT,81471,6733,2026-02-11T21:54:02Z
vyaP9evdeU4,UC_4Y1QqJr60C5Z7-eQWy-mw,10,Supernova Love,IVE|アイヴ|David Guetta|デヴィッドゲッタ|デヴィッド・ゲッタ|Supernova Love,200,en,9605504,100967,2024-11-07T10:01:40Z
wgqUhK32n1c,UCAtlzufZmPhkiDApWM4bTRQ,10,The Door,Teddy Swims|I've Tried Everything But Therapy (Part 1)|The Door,213,en,118026320,898686,2023-09-14T10:04:01Z
QQQ-DMiVfqA,UCrhi898MWetcNRmuFfhd_xQ,17,Em busca das 40 Libertadores #futebol,,72,pt-PT,89526,8067,2026-02-01T17:23:47Z
IyDQcV_PGzU,UCRWVUFIzJqaFTx49In4_w-A,22,parece que aconteceu alguma coisa com quem se diz o maior do Brasil kkkk #viral #pypp #viral,,22,pt-PT,2668,120,2026-02-01T23:26:03Z
f_iVrJWob58,UCdB_csNaQiNow0dCJvA9qYg,24,Existe um tempo limite pra zerar subnautica? #jogos #subnautica,,64,pt-BR,1221104,87705,2025-05-24T00:00:53Z
r_8jl4PZHJw,UCBidMTNdNUzd58aKQjoTIiQ,22,AS CAMISAS DE TIME VOLTARAM AO NORMAL!,,66,pt-PT,220005,21905,2026-01-30T00:00:37Z
ufqVSHKlxyU,UCZiYbVptd3PVPf4f6eR6UaQ,24,JOGO COMPLETO: CORINTHIANS X ARSENAL | FINAL DO MUNDIAL DE CLUBES FEMININO DA FIFA 2026,CazéTV|Cazé TV|Casimiro ao vivo|Casimiro|CazéTV ao vivo|Cazé ao vivo|cazetv|casimiro jogos|caze tv ao vivo|jogo ao vivo|assistir futebol|cazetv ao vivo|mundial de clubes|mundial feminino|corinthians mundial|corinthians ao vivo|corinthians feminino|corinthians mundial de clubes|mundial ao vivo|assistir mundial|jogo mundial|jogo corinthians|assistir corinthians|brabas|corinthians cazetv|corinthians final|corinthians arsenal|final corinthians feminino,13796,pt-BR,8286792,271771,2026-02-01T21:00:25Z
GItRdhigWUA,UCrhi898MWetcNRmuFfhd_xQ,17,5 Copas do Mundo e 5 Bolas de Ouro #futebol,,93,pt-PT,180378,18361,2026-01-27T16:04:25Z
-Uw97CvOgKU,UC47Wz6S14mj_6Jy-T59m6IQ,10,SHEESH,BABYMONSTER|BABYMONS7ER|SHEESH,171,en,148010753,759383,2024-03-31T15:00:00Z
sTvMYIVuV8w,UCPLWm-TJeKW2Khmg7Pc5fRQ,24,QUEM É O JOGADOR PROFISSIONAL? Feat. Rafinha e Léo Macaé,lucas tylty|tylty|futebol|esportivo|esporte|graffa23tv|graffite|QUEM É O JOGADOR PROFISSIONAL? Feat. Graffite,2343,pt-BR,2152877,126745,2026-01-26T21:59:07Z
kyJQ1UA7Oak,UCRWVUFIzJqaFTx49In4_w-A,22,se não for sofrido não é Corinthians vamoooo +3 #viral,,29,pt-PT,3196,120,2026-01-26T03:49:28Z
vUxbPkrT9u8,UC1Z51uxe6T5NOY2xfNW-jKw,24,JOGO DA BOMBA ft Josvi,Ronazim|Ronazinho|Iohanan|Ronazin|Iohanaaan|Iohanan Carvalho|Ronanzinho|Ronan|Ronanzin|iohanan|Ronanzinho escola|Ronanzinho Agnaldo|Lego Ronazim,39,pt-BR,2668763,170388,2026-01-20T21:01:05Z
Lucl1ROE85Y,UCrhi898MWetcNRmuFfhd_xQ,17,Em busca dos 40.000 Gols #futebol,,91,pt-PT,48745,4841,2026-01-22T23:06:18Z
usgU2FJVEl8,UCYmT0j7qhRUPrc-SXICvV7Q,22,Picanha na praia,,78,pt-PT,651180,43339,2025-12-12T14:58:59Z
50bgmPM7Fmo,UCrhi898MWetcNRmuFfhd_xQ,17,"3 BRs, 3 Libertadores e 4 Mundiais #futebol",,99,pt-PT,115907,8849,2026-01-21T12:26:48Z
3EnmxWCRNPs,UChkdJX6SXllR8yotKcVMN-A,20,Criaturas e coisas que foram removidas do jogo! - Subnautica Below Zero,subnautica|gameplay|lets play|vamos jogar|survival|explorando|leviathans|leviathans subnautica|leviathans subnautica below zero|subnautica below zero|flavio machado subnautica|flavio machado subnautica below zero|subnautica below zero gameplay|below zero|subnautica below zero conteúdo removido|subnautica cut content|subnautica below zero ice dragon,1180,pt-BR,150073,9567,2020-11-06T14:30:01Z
Uyka5SnxmQ4,UC0076UMUgEng8HORUw_MYHA,10,Dangerous Woman,Ariana Grande|アリアナグランデ|アリアナ・グランデ|Dangerous Woman|デンジャラスウーマン|デンジャラス・ウーマン,236,en,125850900,1106599,2018-07-07T22:57:15Z
mP2UdZPcRms,UC8HBebdssySL9xMdHaxikBg,20,Resumindo UNTIL DAWN em 60 segundos! | Gameplay em 60s - Português PT-BR,until Dawn|untilDawn|until.dawn|jogo mendigo|mendigo|until Dawn Josh|until Dawn rami malek|until Dawn Remake|until Dawn finais|until Dawn resumo|until Dawn filme|Until Dawn jogo|until Dawn game|until Dawn gameplay|until Dawn em 60 segundos|until Dawn Mike|until Dawn Sam|until Dawn Blackwood|until Dawn the quarry|Supermassive games,69,pt-BR,23457,1944,2025-07-24T21:45:04Z
M0mytU4dzmE,UCyQAD2xeFqFA0Qugk5oPSaA,17,Maycon deve ser o Cobrador de Pênaltis do Corinthians? | Todos os Pênaltis do Camisa 7 pelo Timão!,,81,pt-PT,676897,40135,2025-10-05T21:34:47Z
uRxRIXM_Yd4,UCj9R9rOhl81fhnKxBpwJ-yw,17,dizem que o Marcelinho tá até agr se recuperando dessa disputa de pênaltis,mitico|mitico jovem|igao|igao underground|podpah|podpah podcast|flow|flow podcast|vida mitica|conversa|convidados,110,pt-PT,1429634,97816,2025-12-15T14:43:43Z
i2Miht6KrNY,UCrhi898MWetcNRmuFfhd_xQ,17,Em busca dos 800 gols em Champions #futebol,,86,pt-PT,65475,7876,2026-01-13T20:21:56Z
juvfLdDxHSQ,UCZiYbVptd3PVPf4f6eR6UaQ,17,JOGO COMPLETO: BRASIL X MÉXICO | COPA DO MUNDO KINGS LEAGUE 2026 | SEMI FINAL,CazéTV|Cazé TV|Casimiro ao vivo|Casimiro|CazéTV ao vivo|Cazé ao vivo|cazetv|casimiro jogos|caze tv ao vivo|jogo ao vivo|assistir futebol|cazetv ao vivo|cortes casimiro|kings league|kings nations|copa do mundo kings|kings league brasil|jogo kings league|assistir kings league|kings league ao vivo|brasil x espanha|brasil espanha kings|jogo brasil kings|kelvin|gaules|luqueta|furia|cris guedes|neymar|jon vlogs|coringa|loud|g3x,12561,pt-BR,2476767,80531,2026-01-15T23:44:23Z
xIYYRB_Ufa0,UCZiYbVptd3PVPf4f6eR6UaQ,17,JOGO COMPLETO: BRASIL X ARÁBIA SAUDITA | COPA DO MUNDO KINGS LEAGUE 2026 | LAST CHANCE,CazéTV|Cazé TV|Casimiro ao vivo|Casimiro|CazéTV ao vivo|Cazé ao vivo|cazetv|casimiro jogos|caze tv ao vivo|jogo ao vivo|assistir futebol|cazetv ao vivo|cortes casimiro|kings league|kings nations|copa do mundo kings|kings league brasil|jogo kings league|assistir kings league|kings league ao vivo|brasil x espanha|brasil espanha kings|jogo brasil kings|kelvin|gaules|luqueta|furia|cris guedes|neymar|jon vlogs|coringa|loud|g3x,16979,pt-BR,2292145,68827,2026-01-13T00:58:12Z
A03IGefHrKs,UCHWGumfKKJvtzDl5iaRkhCw,20,A 7ª VITÓRIA DE 2025 FOI ASSIM 🤪🔥 || Corinthians x São Bernardo pelo Paulistão #shorts #corinthians,,85,pt-BR,259024,15333,2025-12-29T12:10:28Z
Tvwojhe8p6A,UCcnW6s7gvRhyAijZUIgxCEg,20,Rare Sayonara Trophy Guide | Ghost of Yotei | #ghostofyotei #shorts,,26,en,5195,123,2025-10-24T00:45:05Z
gITk_OwPyeA,UCZiYbVptd3PVPf4f6eR6UaQ,17,JOGO COMPLETO: CORINTHIANS X LUVERDENSE | COPINHA 2026 | FASE DE GRUPOS | 2ª RODADA,CazéTV|Cazé TV|Casimiro ao vivo|Casimiro|CazéTV ao vivo|Cazé ao vivo|cazetv|casimiro jogos|caze tv ao vivo|jogo ao vivo|assistir futebol|cazetv ao vivo|cortes casimiro|copinha|copa sao paulo|futebol junior|assistir copinha|copinha ao vivo|copinha cazetv|jogo copinha|copinha casimiro|jogo corinthians|corinthians copinha|corinthians ao vivo|assistir corinthians|corinthians cazetv|corinthians luverdense,9531,pt-BR,2220881,39141,2026-01-07T00:38:02Z
h8DeZSB2o-c,UCJtROTPxo3qnEzww8JyDxuA,10,From The Start,Laufey|Spencer Stewart|Bewitched|From The Start,170,gl,62637944,975707,2023-09-07T10:02:10Z
9bgyuqM4LcU,UCOTV5IMHu8f2buB1mFGWeBg,10,Aliança,Tribalistas|Marisa Monte|Arnaldo Antunes|Carlinhos Brown|Pedro Baby|Pretinho da Serrinha|Aliança,238,pt-PT,5026363,69875,2021-03-20T07:43:51Z
TDHek_V8ukM,UCrhi898MWetcNRmuFfhd_xQ,17,"3 campeões da série a, 3 campeões da libertadores e 4 campeões da série b #futebol",,72,pt-PT,282031,19990,2026-01-03T15:04:25Z
1CTyjmIvt4I,UCcO3pf47GO1rxL4tlWEs5Ow,24,produtos mais BIZARROS que marcas famosas lançaram,,43,pt,12013342,507817,2025-05-11T15:00:03Z
XhpYS59CpcU,UCZiYbVptd3PVPf4f6eR6UaQ,17,QUEM CHEGA MAIS PERTO???? 🤔👀➕,CazéTV|Cazé TV|Casimiro ao vivo|Casimiro|CazéTV ao vivo|Cazé ao vivo|cazetv|casimiro jogos|caze tv ao vivo|jogo ao vivo|assistir futebol|cazetv ao vivo|cortes casimiro|cortes cazetv|geral cazetv|cortes geral cazetv|cortes geral,151,pt-BR,891023,79284,2025-11-28T17:37:06Z
s-NKdmsBMUI,UCrUaOXDthlf-HOVYq3E5Stw,22,🧱🗿 Artista que RECONSTRÓI a Própria Cidade,,42,pt-PT,3634767,219396,2025-12-22T17:52:52Z
iDi5rCZX5MQ,UCHw2aRSCveHIIxNinU2ZHpQ,27,Animais com as Vidas Mais M*rdas 😭,,76,pt-PT,1801177,194950,2025-12-03T18:05:13Z
AOmqUNgR8Tc,UCrhi898MWetcNRmuFfhd_xQ,17,"3 brasileiros, 3 libertadores, 3 mundiais e uma série b #futebol",,89,pt-PT,150789,12101,2025-12-18T15:25:14Z
Ytmcwjf2amw,UCIz8Vvt9ux6x7Ryi2sqG1ww,10,Your Idol,Saja Boys|サジャボーイズ|サジャ・ボーイズ|Andrew Choi|アンドリューチェ|Neckwav|Danny Chung|Kevin Woo|samUIL Lee|KPop Demon Hunters Cast|ケーポップデーモンハンターズキャスト|KPOPガールズ! デーモン・ハンターズ・キャスト|Your Idol|ユアアイドル|ユア・アイドル,192,en,71517606,739695,2025-08-28T00:47:51Z
g11pA-WeUco,UCrhi898MWetcNRmuFfhd_xQ,17,Pirâmide do Brasileirão #futebol,,64,pt-PT,15322,1688,2026-01-01T18:13:38Z
E669_cbqomM,UCrhi898MWetcNRmuFfhd_xQ,17,Em busca dos 1.100 gols em Copas #futebol,,66,pt-PT,126877,8083,2026-01-01T21:00:06Z
PRW2U-7DBzM,UCrhi898MWetcNRmuFfhd_xQ,17,Procurando jogadores desses times #futebol,,74,pt-PT,99227,6592,2026-01-02T21:14:41Z
PF4TXAtwh-Q,UCrhi898MWetcNRmuFfhd_xQ,17,"Bola de Ouro, Mundial e Champions #futebol",,89,pt-PT,119636,10014,2026-01-03T00:27:02Z
W-gYLtGKl_s,UCrhi898MWetcNRmuFfhd_xQ,17,Em busca de 35 Brasileirões #futebol,,83,pt-PT,340071,17994,2025-12-24T17:39:24Z
1khz2yqULJQ,UCt80koRTG61DmNCp4oybLSg,22,Is Resting Steaks BULLSH*T?,,60,en,10309786,473888,2023-12-18T12:00:02Z
kJ8XBCNRfoY,UCxvef1vHljNRUA9c0ccd4tQ,28,Porque ligar modo avião em viagem#litosousa #universo #aviation #thenoite #danilogentili,,40,pt-PT,7544505,388935,2025-11-26T16:51:17Z
s2B0VMnAXC4,UC9pylmHdqg79PU67dvyF12g,17,Mundo do futebol no último título do Vasco,libertadores|copa do brasil|corinthians|vasco|futebol,61,pt,337416,27798,2025-12-23T20:00:51Z
KWrPnvBXwHo,UCItD58JBRDx8VMb-BgrI1eg,17,A PROFECIA da torcida do Vasco não se cumpriu e a SOBERBA PRECEDEU A QUEDA diante do Corinthians.,,121,pt-BR,1353563,79141,2025-12-27T00:54:40Z
w-BIPMHg_DA,UCMlFWgzgVcSbSEvcvocIfTA,28,Método eficaz para limpar a tubulação de esgoto. #shorts,,16,pt-PT,39847,796,2023-04-03T01:22:45Z
TUNyoF-776E,UCcEg7TgXmd3cLEd3IAsWaiQ,22,BEEF STEAK - TEST #steak #cooking #food #meat,,57,en,2340292,112494,2025-11-08T11:48:29Z
U4EuDOO5HAU,UCwMN919JVYNBtvPpGYdtf1g,24,A história mais absurda que um médico já ouviu | Paulo Muzy Cenoura | 🏷️ Over10 na #maxtitanium,,106,pt-BR,3130767,190591,2025-12-26T18:29:47Z
k0cSqIgHXWc,UCNS-FlpuSNg41d0AJf46ipQ,27,Você sabia que é possível caminhar da África do Sul até a Argentina?  #mapas #geografia #shorts,,64,pt-PT,1267636,55651,2025-11-27T01:14:54Z
tsTPFBH7YqA,UCrhi898MWetcNRmuFfhd_xQ,17,Pirâmide das seleções #futebol,,68,pt-PT,262368,15043,2025-12-29T18:23:03Z
QCNX9hbnCuM,UCnNMmdGsqhGZsWgenT0T_BQ,17,O CORINTHIANS ACABOU com o PALMEIRAS  em 2017. #corinthians #palmeiras #brasileirao,,72,pt-PT,946823,39644,2025-12-09T12:00:53Z
8ycCA1NMWaA,UCc3bF-fK5T4StuxuE3hBNPw,24,PORQUE O LEAO NÃO ATACA NO SAFARI? #richardrasmussen #animais#curiosidades #shorts,,64,pt-PT,6894522,0,2025-12-16T15:00:16Z
M-iimB_Lq_k,UCHw2aRSCveHIIxNinU2ZHpQ,27,Ele é IMUNE a VENENOS! 🐍,,62,pt-PT,5003908,526180,2025-07-11T15:22:06Z
P3wX4jYGGLQ,UCYtWXns-OMVfBvQ8LPNI4bw,27,Dá pra fugir da prisão usando salsa? #shorts,,51,pt-PT,2332046,130720,2025-12-14T22:30:11Z
dib37Wd6WUg,UCselVZrTAqDPEL4Zd6bn1Jw,24,ELE ENGANOU O FBI E NUNCA MAIS FOI VISTO ...  #aviõesemúsicas  #curiosidades  #aviação,talk flow|curiosidades|lito|aviação|lito explicando|lito podcast|lito lounge|lito canal|curiologia|lito sousa|aviões e musicas|inteligencia ltda|cortes do inteligencia ltda|lito sousa e jorge de souza|lito sousa e jorge de souza no inteligencia ltda|nosso universo|avião|aviões|aviação comercial|misterios da aviação|histórias da aviação|lito sousa no inteligencia ltda|db cooper|D. B. Cooper|dan cooper|historia d b cooper|voo|lito no inteligencia ltda,90,pt-BR,5618086,335746,2025-10-08T21:00:49Z
MYrkwKrUsUA,UCrhi898MWetcNRmuFfhd_xQ,17,Em busca das 50 Libertadores #futebol,,73,pt-PT,450539,24015,2025-12-29T00:57:24Z
ggSjls8c-NI,UCOEIMkGWLNTNKG9iBSsXJIA,22,Celso Portiolli conta o dia que o Silvio Santos chamou a atenção dele #podcast #famosos,,55,pt-PT,4781079,451579,2025-12-15T21:19:04Z
2kkHj9atfFo,UCV4o9lbQ0pnrMlcqPS2PfNA,22,🚨 O País que Só Viveu 8 SEGUNDOS! 🌍⏱️ Você NÃO Vai Acreditar! 😳,,66,pt-PT,737672,47589,2025-11-27T21:55:15Z
Y2txiRk91XM,UCClzF_pbvwIve8VbOsZ-FYw,24,A disputa de pênaltis mais bizarra do futebol 😱,,60,pt-BR,4332271,278175,2025-12-28T20:01:49Z
k1YwKjKeXTk,UCYtWXns-OMVfBvQ8LPNI4bw,27,De simples pedras a uma ponte em balanço #shorts,,76,pt-PT,5228987,304431,2025-12-19T23:30:20Z
-6W-7yLWBHY,UCrhi898MWetcNRmuFfhd_xQ,17,Em busca de 1.000.000 de gols #futebol,,76,pt-PT,922644,56959,2025-12-26T20:39:34Z
7gvV7aw8GFU,UCbvl68jBy9AJIk1u_3XxAVg,22,Qual melhor clube Paulista nos últimos 10anos ? 🐷 #palmeiras #futebol,,67,pt-PT,58906,1333,2025-12-30T05:47:16Z
XXi8yLVKwW4,UC8CMzdzbmrwx2VLK-onrWqA,20,Strategy Predict 🔥,clash royale,31,en-US,12679134,725634,2025-12-04T15:20:01Z
2kPQWo_tAZY,UCHw2aRSCveHIIxNinU2ZHpQ,27,Como Lutadores Fazem Isso? 🥊,,66,pt-PT,1973840,212356,2025-12-24T21:48:27Z
xtwe0ILyZ-0,UCqBlHbMB5GRDwOIvhZ2OVow,17,Rank Top 5 Gols Bizarros do Futebol #gols #ranking #top5 #futebol #shorts,,61,pt-BR,2340176,111110,2025-12-28T14:47:33Z
ipmWZ-D_PSw,UCYtWXns-OMVfBvQ8LPNI4bw,27,Ficou Preso Dentro de um Navio Afundado por 3 Dias 🚢🌊 #shorts,,139,pt-PT,7719862,565752,2025-12-25T23:45:03Z
IeUvw0T41uc,UCMKG2ppsBcpvidq1sfKyFTA,24,Craque Neto fala sobre sua infância no Guarani:,,63,pt-BR,2334040,195267,2025-11-20T22:40:53Z
nhnNw9BURVc,UCrhi898MWetcNRmuFfhd_xQ,17,"5 jogadores com Copa, 5 jogadores sem Copa #futebol",,69,pt-PT,103697,9418,2025-12-27T15:57:25Z
7fTyqvAB0KY,UCj_ru2ath0W96SfUV3wer4A,20,Supercell achou a fisica PT 2,,64,pt-PT,1745568,87068,2025-11-05T14:48:38Z
zH7Yl5BgBYk,UCqBlHbMB5GRDwOIvhZ2OVow,17,Rank Top 5 Piores Cobranças de Pênalti #pênalti #ranking #top5 #futebolbrasileiro #shorts,,62,pt-BR,1828064,83647,2025-12-27T23:53:50Z
LBccOwEc98I,UCXZ-bUSVDTo-zhXuKXd0WsQ,24,ACERTE O PAÍS DE CADA JOGADOR (QUIZ),CONSEGUE ACERTAR O PAÍS DE CADA JOGADOR? - Quiz Football 2022,716,pt-BR,108,11,2022-02-06T11:15:00Z
v82Z8IxOCKo,UCXZ-bUSVDTo-zhXuKXd0WsQ,20,JOGANDO ROCKET LEAGUE 2x2!,,1801,pt-PT,116,14,2025-12-27T17:00:56Z
XWuwGTPxPaM,UCrhi898MWetcNRmuFfhd_xQ,17,Em busca de 1.000.000 de gols #futebol,,82,pt-PT,587320,34919,2025-12-02T13:31:44Z
ypt6REp6eqI,UCrhi898MWetcNRmuFfhd_xQ,17,Em busca dos 1.000 gols em Copas #futebol,,82,pt-PT,556890,29433,2025-12-03T15:22:00Z
wRm2ArNbPlA,UCyQAD2xeFqFA0Qugk5oPSaA,17,Disputa de Pênaltis entre Corinthians e São Paulo na Semifinal do Paulistão 2018! #corinthians,,101,pt-PT,653250,28191,2025-11-11T17:01:53Z
VZBPsejbews,UCyQAD2xeFqFA0Qugk5oPSaA,17,Disputa de Pênaltis entre Corinthians e Grêmio pelas Oitavas de Final da Copa do Brasil 2024!,,68,pt-PT,381421,18469,2025-10-31T17:06:41Z
8VKD-IlvibI,UCgpBsaDW2n_6ruzht3wvP0A,10,Unholy,Sam Smith|サムスミス|サム・スミス|Kim Petras|キムペトラス|キム・ペトラス|Unholy,157,en,304684287,2587057,2022-09-22T17:06:36Z
qDShaG3B2dI,UCyQAD2xeFqFA0Qugk5oPSaA,17,Corinthians x Palmeiras - 2019 | Cássio pegou até sinal de Wi-Fi nesse Derby! #corinthians #derby,,103,pt-PT,2218523,91238,2025-07-07T16:02:14Z
JT-U45VTH00,UCrhi898MWetcNRmuFfhd_xQ,17,"3 CDB, 6 Libertadores e 1 Mundial #futebol",,66,pt-PT,563400,32939,2025-12-05T20:36:08Z
smROcs-YH4A,UCXPPppHEGxiGCJaVFCuP7fg,24,O caso da cabeça de frango no KFC 🍗😱,,18,pt-BR,1734103,100914,2025-10-29T20:00:58Z
pIXXwE4YrB8,UCXPPppHEGxiGCJaVFCuP7fg,24,O sucesso improvável do Cane’s 🍗,,18,pt-BR,223363,9371,2025-11-11T16:30:19Z
0OIAbMr9ADI,UCZiYbVptd3PVPf4f6eR6UaQ,17,"42 SEGUNDOS! ACOMPANHA AÍ NO CRONÔMETRO, PÔ! ⏱️",CazéTV|Cazé TV|Casimiro ao vivo|Casimiro|CazéTV ao vivo|Cazé ao vivo|Bundesliga na CazéTV|Bundesliga ao vivo|Mundial de clubes|Mundial de clubes na CazéTV|Mundial de Clubes 2023|Mundial de Clubes ao vivo,46,pt-BR,5677839,293986,2023-12-23T14:00:00Z
QCLwUr3OTGs,UCvJ-efoi9Xv8szbFRrZQxbg,10,Quero Ser Feliz Também (Ao Vivo),Natiruts|Natiruts Acústico no Rio de Janeiro (Ao Vivo)|Quero Ser Feliz Também,215,pt-PT,22400726,115111,2017-11-20T05:03:14Z
lLK-QpUHAzU,UCj_ru2ath0W96SfUV3wer4A,20,pro tips kkk,,29,pt-PT,1396599,49461,2025-12-09T20:30:09Z
09cioXwUPYw,UCXPPppHEGxiGCJaVFCuP7fg,24,O balde de KFC sem carne 🍗🤯,,28,pt-BR,3476586,241808,2025-10-10T23:00:01Z
wZyK_z3SDn8,UC9teOW2NrU5mzyxTl3Xv6Yg,24,Técnica INCRÍVEL de produção de CAVIAR com ESTURJÃO VIVO! 🐟💎,natureza|vida marinha|biologia|pesca|esturjão branco|esturjão beluga|produção de caviar|caviar|criação de peixe|mergulho|biologia marinha|peixes|animais,30,pt-BR,10048591,454092,2025-11-27T20:15:05Z
qeWDJQlSt9g,UC87uaNmjTjEUGI58vH_iM1Q,20,As CARTAS MAIS ESQUECIDAS do Clash Royale! 😭 #clashroyale #games #clash #supercell,clash Royale|clash|supercell|games|dicas,48,pt-BR,5189,125,2025-12-07T19:50:55Z
BqLk8fy147c,UCGUxTqAxQMc-kl18UZwkSEw,22,NUNCA Esqueça de Tosar a Lã de uma Ovelha 🐑🐏 #curiosidades #natureza #animais #ovelhas,,54,pt-PT,22525341,1030853,2025-11-04T20:47:36Z
S-_qepo2kZE,UCE5wBpbSHv0H7WBhoDPsdJQ,22,DOEU MAS TIVE QUE FAZER ISSO PARA EDUCAR MEU FILHO #casoreal #sargentonantes #policia,,55,pt-PT,7348965,355826,2025-11-21T21:00:35Z
VgyaKZuwedI,UCHw2aRSCveHIIxNinU2ZHpQ,27,Quem vc Convidaria pra lá?,,28,pt-PT,3273450,203132,2025-09-26T22:52:01Z
l70tcuInTz0,UCHw2aRSCveHIIxNinU2ZHpQ,27,Gênio do Marketing,,45,pt-PT,4502639,331472,2025-12-07T21:14:28Z
uXj6lzeP4I4,UCHDV3JN5aqxAy9hwTTVHJow,20,DESCOBRI O SEGREDO DO PROFESSOR DE TÊNIS!,Skorpion|SkorpionGamer|Gamer|Scorpion|Skorpion Gamer|GTA V|GTA 5 ONLINE|GTA 5 MODS|MODS,25,pt,4445960,184196,2025-12-05T19:00:56Z
i7-mhezofwY,UCnKRhFEVjuMgzQWqV2cpCUg,22,Let me know in the comments,,69,en,7678616,507188,2025-04-26T00:00:48Z
aO3_MSvuRhI,UCFHhnntAbQwvyoAx4XQM0uA,20,O Que BRKsEDU Achou do Ghost of Yotei?,,38,pt-BR,231496,14879,2025-07-17T00:43:53Z
3JuVMaxNKdE,UCHw2aRSCveHIIxNinU2ZHpQ,27,Só um Cara Enganou o Robô 💀,,37,pt-PT,8700115,495362,2025-10-26T17:22:41Z
2vZw9Po2-O0,UCbp19Wriazp1xj-8daZjfFA,22,encontros com animais que terminaram de formas inesperadas #shorts,,41,pt-PT,17592,1651,2025-11-19T15:30:47Z
0DdK2irctLE,UCbp19Wriazp1xj-8daZjfFA,22,Como Sobreviver às Situações Mais Extremas Imagináveis 😳 #shorts,,40,pt-PT,20327,1335,2025-11-22T15:15:06Z
FDT1pLcMSKI,UCbp19Wriazp1xj-8daZjfFA,22,Os desafios perigosos que terminaram mal #shorts,,46,pt-PT,16847,1213,2025-11-25T15:00:35Z
f0bWaH2rGpw,UCmDXfDgcPZxGOhWWo3UPRpA,20,Os caras não sabem as regras #futebol #fut #futsal,futebol|noticias de futebol|analise esportiva|futebol brasileiro|resenha esportiva|futebol de campo|esporte ao vivo|#fut|arbitro|varzea|treta futebol|tretas fut|futnews|curiosidades futebol|informação futebol|info fut|futsal|amador|fut amador|terrao,11,pt-PT,6965652,185066,2025-11-02T14:35:14Z
flrjNqZ3zTc,UCYtWXns-OMVfBvQ8LPNI4bw,27,9 homens armados com katanas sequestraram um avião cheio de passageiros! #shorts,,163,pt-PT,939252,58470,2025-11-26T00:00:49Z
EgyrYWrl5gk,UC_kLzsawZxSSXeeqQIGf_vw,24,VIVEU 70 ANOS PRESO! EM UM CILINDRO DE AÇO Paul Alexander! #curiosidades #noticias #brazil,alma forte|coragem|coragem pura|desafio|historia de paul alexander|história verdadeira|homem maquina|homem máquina|inspiração|inspiração humana|iron lung|paul alexander|paul alexander 2021|paul alexander iron lung|polio|pulmao de aco|pulmao de ferro|resiliência|resiliência pura|respirador artificial|sobrevivente|sobrevivência|vontade de ferro,48,pt-BR,3736994,159577,2025-11-10T12:00:26Z
I0Ltq-Txb7c,UC-6xqzMBF2CXTImn_a4aCVg,25,Passageira filma explosão de turbina de avião durante voo,jornalismo|jornal o globo|o globo|globo|notícias|news|imprensa|brasil|rio|turbina|avião|passageira|aeronave|avião da Gol|decolagem,36,pt-BR,10999369,479741,2023-10-16T15:14:43Z
2voB5WWfzC4,UCHw2aRSCveHIIxNinU2ZHpQ,27,Máquina do Infinito? 🤯,,51,pt-PT,4678666,412754,2025-10-27T16:55:34Z
cJdK43lW9zA,UCXDpWoUWeSWu_V1aiozYOGg,24,A ILHA SENTINELA DO NORTE,fabil|planeta|planeta novo|planeta rap|bruno fabil|curiosidades|história|história real,771,pt,104558,8071,2025-10-27T14:44:47Z
eFirsIWV3rE,UCLFp1avj9m4OypbZJUJZWHg,22,SIMM.PRO na Linha 17-Ouro,,26,pt-PT,1829,134,2025-10-17T15:04:41Z
XBR0awZxUz8,UCWtom5hg6QIj_uPo_AvdKZA,22,ESBIRROS VS ECHIZOS DE CLASH ROYALE #shortvideo #clashroyale #entertainment #gaming,,57,es,12752591,452897,2025-07-18T17:00:44Z
9EdUUAchKx0,UCLWwz-pcV4NhCWykthhurcQ,22,ELE QUEBROU O VIDRO DO  ESTÁDIO 😮,,19,pt-PT,4815791,163063,2025-09-18T04:26:52Z
kxgEBpTEqtE,UCUfSL117ACx3a23Urysd7nw,22,Yes！successfully completed the water ninja#stunt #extremesports #parkour #funny #pov #waterpark,,49,en,382980999,9000251,2025-09-10T16:28:02Z
-os_5rmWPGI,UCR3j6-3GD6aGV-LeUMRBc6g,24,FIZ O BOMBOM DA MINHA AVÓ! 🥹 #receitafacil #doces #sobremesa #receita,,56,pt-PT,1575045,153718,2025-09-01T14:31:54Z
62yox0F5lcA,UCz51ZodJbYUNfkdPHOjJKKw,10,Please Please Please,Sabrina Carpenter|サブリナカーペンター|サブリナ・カーペンター|Short n' Sweet|Please Please Please|プリーズプリーズプリーズ|プリーズ・プリーズ・プリーズ,187,en,103578969,691294,2024-08-22T10:00:04Z
jrmVmJvL7rg,UC_8PlWPiD7RdQkQMWm8IWWA,20,1.4 cicle Clash Royale ☠️ #clashroyale,,51,pt-PT,3345233,225430,2024-09-10T00:19:56Z
mQLWpaLvoug,UCj_ru2ath0W96SfUV3wer4A,20,Qual é o menor dano possível no Clash Royale? (créditos crusher),,62,pt-PT,1271166,101147,2025-07-10T20:00:36Z
q8cwzzf35yI,UCPLWm-TJeKW2Khmg7Pc5fRQ,24,QUEM É O JOGADOR PROFISSIONAL? Feat. Michel Bastos e Zé Roberto,futebol trade|lucas tylty|tylty|investimento|renda extra|apostas|aposta|apostas futebol|apostas esportivas|futebol|esportivo|esporte|Quem é o Jogador Profissional|Michel Bastos e Zé Roberto,2462,pt-BR,3010841,125952,2025-09-08T21:59:08Z
1btHsHJfFh0,UCw-YsJZtjoA_zB_7ScXlrqQ,22,A solução mais genial que eu já vi,,47,pt-PT,53651,3063,2025-09-08T23:44:03Z
9xLT_qh3iEU,UCF6z5i9_bXQGJjtvZm9JAKg,22,O esporte mais subestimado,momentos|viral|curiosidade|engraçado|memes|momentos engraçados|fails|humor|compilação|novidades|esportes|alto falantes|inesperado|tchoukball|atletas|subestimado,18,pt-PT,3054274,141787,2025-07-14T14:30:11Z
nVNvofpkxLw,UCkrhfwExfTZOmMY92cYkMIw,19,Trem na Estação Chácara Klabin da Linha 5 - Lilás,Lucas|Sousa|CLS|transporte|ônibus|onibus|trem|metrô|metro|train|railway|bus|autobus|tram|vlt|subway|Trólebus|Midi|Articulado|Superarticulado|Biarticulado|lucas sousa|monotrilho|transporte público|movimentacao de onibus|movimentação de onibus|metro de sp|trem bala|brt|bus rapid transit|trem cptm|metro sp|metrô de são paulo|lucas souza onibus|comboio|cptm|lucas souza,33,pt,46892,1595,2023-03-22T15:00:35Z
JUpx4Htz_hI,UCZyRmnLgkOBXFWN0FWfMkLQ,24,Coisas Perturbadoras da Internet Brasileira,coisas perturbadoras da internet brasileira|os horrores da internet brasileira|brazilian internet|internet horror|internet mysteries|brasil|terror|coisas perturbadoras|máscaras de chumbo|edifício Joelma|treze almas Joelma|terror brasileiro|mistério|lost media|internet antiga|O Youtuber Brasileiro que fez um Ritual e sumiu|o youtuber que desapareceu|confusão mental|confusão mental canal|setealem|sete além|deep web|dark web|ARG brasileiro|jj|amin|amin wake,1092,pt-PT,91419,8771,2025-08-29T21:00:18Z
Lc53qCuJqm4,UCip6p3UCcMX3vYV9i7rsZrw,17,O DIA QUE HUGO SOUZA PEGOU 3 PÊNALTIS #futebolbrasileiro #hugosouza #corinthians,,67,pt-PT,5982646,375103,2025-04-19T15:07:24Z
_g0j1YKMKwE,UCuc17RFi4UBDurUdOD4V9dA,22,"MEU DEUS FICOU LINDOOOO!! Pra quem ainda nao entendeu, é EXPONENCIAL! Cada vez que eu giro, o numero",,61,pt-PT,38178738,1447606,2024-12-11T12:37:23Z
941o3aGSFtM,UC8d2zEs8IxNv-9SJoy5mLmA,24,Estocar carne por 5 anos para emergências 🚨‼️,,62,pt,3557356,223094,2025-07-29T23:54:37Z
Mo4rI2xOVH4,UCgWBijjXkEmCv4p3lYJ9i-w,22,MEU FILHO FEZ BATATA CHIPS CASEIRA *melhor que a comprada no mercado!,,59,pt-PT,10107414,685350,2025-02-19T21:15:02Z
azmAPzcR5-o,UCmyaFyHgOsLujCdtTedMFFg,24,Ele Só Queria Salvar A LOJA! 😱😳,,31,pt-BR,5798017,235752,2025-07-19T21:15:00Z
0wBiMx7gQ5k,UCn0uDrJXlLmsoABxwYQoJMA,24,Já viajou de ônibus? 😂 @marcotuliodavi  #shorts,,53,pt-PT,14511057,945318,2025-07-21T23:08:31Z
AIxrxoWAa3E,UCHw2aRSCveHIIxNinU2ZHpQ,27,Erros que Entraram nos Filmes,,66,pt-PT,6106060,548103,2025-07-19T18:25:22Z
lHxmflCMXKg,UC2Hi8DPGEzSihX8ZZeJylTg,28,Curso Completo de Databricks (2025) | Do Zero à Prática | Databricks para Iniciantes 🔥📊,,3944,pt-PT,21544,949,2025-02-20T15:00:06Z
yiMs6VOKM4o,UCR3j6-3GD6aGV-LeUMRBc6g,24,DIFERENÇA ENTRE CHOCOLATE FRACIONADO E NOBRE! 🍫 #sobremesa #doces #sobremesas #chocolate,,61,pt-PT,338653,27051,2025-05-01T17:45:20Z
kWBWVvuRVsQ,UCR3j6-3GD6aGV-LeUMRBc6g,24,O MELHOR DOCE PARA VENDER!!! 😋 #doces #receitafacil #sobremesa #receitas,,44,pt-PT,10521987,684933,2023-12-13T14:05:48Z
9LIfZO4Qg4Y,UCAsG-z6X4qjsF7bFqfpLmNA,24,TORTA DE LIMÃO | FÁCIL E DELICIOSA E SEM GELATINA,,46,pt-PT,652371,38584,2021-12-10T19:11:39Z
hgyYKnR0ILU,UCR3j6-3GD6aGV-LeUMRBc6g,24,ISSO DAQUI ATÉ UMA CRIANÇA FAZ!!!😋(Ft @CheffOtto ) #sobremesa #receitasfaceis #chocolate #doces,,53,pt-PT,5894804,413459,2024-09-28T14:00:52Z
zR0kGkLG6lE,UCHw2aRSCveHIIxNinU2ZHpQ,27,Pq Chefs Limpam Panelas Quentes com Gelo?,,38,pt-PT,2379727,219874,2025-06-19T19:40:50Z
EgN8CBx46HA,UCZiYbVptd3PVPf4f6eR6UaQ,17,HUGO CALDERANO NA FINAL DO WTT STAR CONTENDER ESLOVÊNIA | TÊNIS DE MESA,Cazé TV|Casimiro ao vivo|Casimiro|CazéTV ao vivo|Cazé ao vivo|time brasil|olimpiadas|casetv|cazetv time brasil|assistir judo|tenis de mesa|ping pong|table tenis|campeonato tenis de mesa|hugo calderano|bruna takahashi|cazetv tenis de mesa|cazetv ping pong|casimiro tenis de mesa|calderano|hugo|hugo tenis de mesa|calderano tenis de mesa|wtt|giulia takahashi|takahashi|guilherme teodoro|takahashi semifinal|semifinal tenis de mesa|wtt eslovenia,7805,pt-BR,570322,18491,2025-06-22T17:11:12Z
nXT8tJylGuQ,UCJUERUfcPHCa3HPEfJ_37FA,24,Voce Sabia disso?,,25,pt-BR,8706435,300162,2025-04-26T18:00:42Z
xcgsSBDMFdA,UCZUZgCVdMuj3mmwyYblXlLw,17,How did he win? 😱,,31,es,46482764,915131,2025-06-03T15:35:15Z
mtKrlaRYBlw,UCHw2aRSCveHIIxNinU2ZHpQ,27,E SE... Vc Tocar em MERCÚRIO? ☠️,,49,pt-PT,11059220,671858,2025-02-24T14:41:40Z
y9s_BxgwTYg,UCSZOaC7a_L9eyC6DeV4h_8A,27,Mapa de mochileiros #geografia #mapa #viajar #paises,mapa|mapas|mapa mundo|mapa mundi|mapa do mundo|mapa achatado|mapa decoração|mapa quadro|mapa para raspar|mapa para raspar paises visitados|mapa de raspar|mapa do Brasil|mapa para mochileiros|mapa para viajantes|viajar|mochileiro|mapa para viajar|conhecendo países|países|país|visitar países|viagem internacional|viagem|américas|europa|áfrica|ásia|conhecer país|conhecer países|Mapa Mundi Raspar|mapa presente,61,pt,844018,75781,2025-02-08T17:00:07Z
UBTkQ3ug-AQ,UCrhi898MWetcNRmuFfhd_xQ,17,Em busca de 1.000.000 de gols #futebol,,102,pt-PT,372713,25979,2025-06-18T01:16:10Z
_AIhLgRa18c,UCHAOQVNt7kw16vazvOpoibQ,17,Ele bateu a Cabeça na Trave e fez DOIS GOLS 😱,,39,pt-BR,8849100,549050,2025-06-12T11:00:54Z
-H0pNpsSgP8,UCzOsXJW-IUb60448m4k82zA,22,PROJETO com o NOVO GORDÃO? #renatocariani #academia,,50,pt-PT,3140937,237092,2025-04-16T23:53:00Z
pzr199_EX3s,UCDaM5npyBufSF9XF7XnDlsA,23,MC POZE VS STITCH??? PIERRE É BRABO DEMAIS KKKKKKK,Erick Clapton|Clapton|Clapton tiktok|humor|comédia|stand up|risada|curiosidade|vídeos de humor|comediante|gargalhada|Vídeos curtos|vídeos para rir|melhor canal de humor|canal de humor|vídeos do Clepton|melhores vídeos do Clepton,46,pt-PT,1853253,82752,2025-06-13T22:30:09Z
9ZF87KfmeF0,UC6eqVamdORDtvr7BldXMbgg,22,3 Níveis de Nuggets  #receitasfit #receitas,,54,pt-PT,1342991,124467,2025-05-16T14:00:14Z
rHr2hNkvfl0,UCn0uDrJXlLmsoABxwYQoJMA,24,Sabem fazer pizza? ​⁠@marcotuliodavi  #shorts,,54,pt-PT,15642620,1080559,2024-11-18T23:02:27Z
ebxdbxWNhKg,UCnxwscWX4fjrT43c_X-XsKw,24,"🍔 O PÚBLICO PEDIU E O MC FISH VAI VOLTAR, MAS VOCÊ SABE COMO ELE FOI CRIADO? 👇 #guiadohamburguer",,46,pt-PT,5902882,357828,2024-01-16T22:16:36Z
jjw9lTjlZ0g,UCA5pqfc13aIU2RdSQ4hScgg,22,Essa é a melhor estratégia pra comprar tênis grande 🤣,,33,pt-PT,2082278,112077,2025-05-29T23:17:50Z
_SQ_n_J9zZ0,UCC-OvzSIg03V53K66eADaag,22,COMO GANHAR SEMPRE NA SINUCA,amizade|sinuca|humor|baianinho de mauá|mundo da sinuca|sinucastigo|casal|akio|kina|muca muriçoca|câmera do muca,7,pt-PT,5178548,193985,2025-02-28T21:00:35Z
OWWG3P3D-68,UC5AieipVTYwnOevUsImOxOw,22,SLEIGHT OF HAND AND RANDOM NUMBER VS RUNNING | WHO WON?💨 #challenge #shorts,,14,nl,50870866,1078644,2025-03-25T14:00:21Z
n9bGep11UwM,UC0wOtOdgx7D83tw0NVu2XuA,22,NEM FERRANDO 🤦🏼‍♂️🤔,,19,pt-BR,16998828,759735,2025-06-06T23:00:56Z
QioXOJ88ZLo,UCsVC1esYT6Fj5OHaE5Ys1cw,24,Léo Lins - SOBRE A MINHA PRISÃO,leolins|standup|leolinsstandup|leolinspiadas|piadas|fritada|leonardolins|viral|edit,760,pt-BR,3856969,649874,2025-06-05T22:00:07Z
B0L7BSVKVz4,UCo-SyplR7M1ZC1w0YhwMa8w,24,O jogo que te espiona secretamente,g0ularte|goularte|goulart|g0ulart|kinitopet|kinito|jogo|vírus|terror|pc|bonzibuddy|kinitopet.exe|arg|mistério|história|goulaarte,4954,pt-PT,2491344,144777,2024-03-22T23:00:05Z
EUq_S2LIr_E,UC_U28dr7zxgPDYM99T_T85g,24,Meu chefe tirou meu nome do bolão,,116,pt-PT,3167748,289735,2025-05-25T15:00:18Z
tKtpyYGhI5M,UCM5gMM_HqfKHYIEJ3lstMUA,17,Can Starbucks Spell Footballers’ Names? ☕️,,56,en-GB,140475340,4568742,2024-10-03T16:36:57Z
XOL65LKr6_s,UCtnewy4_jB-9ZSW0nZgq9fQ,24,O Recorde de Maior Queijo de Pizza do Mundo! 😱#pizza #viral #curiosidades #shorts,,53,pt-BR,1574802,99423,2025-05-21T14:00:56Z
ETLwko8FGLs,UCjvCe7EJRXZzlc6-YK8LTtg,26,Truque com apenas 2 ingredientes  #truques #TruqueCaseiro #criatividade #gastronomia #doces,,70,pt-PT,2238,282,2025-06-04T22:38:16Z
zDlg9S5cmeU,UCjGQrFZoKWd0RkKFTKG3Qpw,22,mini PEKKA damage🤖🔥 #clashroyale #gaming,,63,pt-PT,8677373,443123,2025-03-15T13:08:12Z
hW93NxcCTZ8,UCDaM5npyBufSF9XF7XnDlsA,23,VIRGINIA VS NEYMAR?? MÃE VS PIERRE?? HAHAHAH,Erick Clapton|Clapton|Clapton tiktok|humor|comédia|stand up|risada|curiosidade|vídeos de humor|comediante|gargalhada|Vídeos curtos|vídeos para rir|melhor canal de humor|canal de humor|vídeos do Clepton|melhores vídeos do Clepton,45,pt-PT,4297152,163627,2025-06-04T22:30:09Z
1vMomEs4VSk,UCrhi898MWetcNRmuFfhd_xQ,17,Pirâmide de gols #futebol,,97,pt-PT,733131,43331,2025-06-03T15:46:50Z
OQ0GGBKkJco,UCn_xnATygX4kl4y5Y2ZC4ng,22,Eu poderia tê-lo enganado três vezes...,cubo de rubik|cubos de quebra-cabeça|jogos de tabuleiro|inteligência|rubik 3x3|rubik 5x5|movimentos do cubo rubik|arte contemporânea|DIY|arte com cubos|desenho com cubos|artista|anime|otaku|naruto|boku no hero|my hero academy|one piece|caçador de demônios|cubo de velocidade|recorde mundial|como resolver um cubo de rubik rapidamente|cubagem|cubo|em português|shorts em português,56,pt-PT,6702583,291938,2025-05-31T18:00:20Z
-SwjSH9lspQ,UCSxi0c-2Y505YjsDVoHdgOQ,24,Voltei a USP e RASGUEI os CARTAZES dos COMUNISTAS! (De novo),victo ruiz|ruiz|victorruizsp|esquerda vs direita|debate|entrevista|direita|usp|rasgando cartaz|cartaz|comunista,485,pt,1065847,104906,2025-06-03T20:41:09Z
3mULkZPMi3E,UCnxwscWX4fjrT43c_X-XsKw,24,🍔 DESCUBRA EM QUAL NÍVEL DE HAMBURGUERO VOCÊ TÁ!👇🏻#guiadohamburguer,,61,pt-PT,538159,58973,2024-11-04T23:57:36Z
TI8cCA4ESxQ,UC93Hh8YzYvkyc7xGYfqDmUA,19,Quanto custa tomar café na LOUIS VUITTON #paris #viagem #europa,,58,pt-BR,6290132,527264,2024-04-16T22:16:04Z
XVEOfudue-I,UCo-SyplR7M1ZC1w0YhwMa8w,24,O mistério do jogador que desapareceu,g0ularte|goularte|goulart|g0ulart|minecraft|mistério|terror|enigma|ARG|canal do youtube|xtremegamer11|desvendando|entendendo|história,3636,pt-PT,1614818,94798,2024-12-16T23:00:32Z
ESM8MbsMSxs,UCo-SyplR7M1ZC1w0YhwMa8w,24,O Jogador Que Sumiu da Realidade,g0ularte|goularte|goulart|g0ulart|minecraft|mistério|terror|o caso do alex|o jogador que desapareceu|arg|analog horror|história|vendo o mistério|g0ularte2,3154,pt-PT,813496,52460,2025-05-29T22:00:14Z
7qvwhL-Wnug,UCHw2aRSCveHIIxNinU2ZHpQ,27,Pq Reservatórios NÃO Evaporam?,,62,pt-PT,1888418,204958,2025-05-29T17:05:10Z
v44jQfiNyCM,UCn_xnATygX4kl4y5Y2ZC4ng,22,Dar às pessoas cubos insolúveis...,cubo de rubik|cubos de quebra-cabeça|jogos de tabuleiro|inteligência|rubik 3x3|rubik 5x5|movimentos do cubo rubik|arte contemporânea|DIY|arte com cubos|desenho com cubos|artista|anime|otaku|naruto|boku no hero|my hero academy|one piece|caçador de demônios|cubo de velocidade|recorde mundial|como resolver um cubo de rubik rapidamente|cubagem|cubo|em português|shorts em português,53,pt-PT,3705791,220081,2024-08-04T18:00:27Z
WnCFwjstyLw,UCgoFf9xN5FByHr7k6GaSDsQ,24,COMPREI O MAIOR HAMBURGUER DO MADERO,,58,pt-PT,2936892,227109,2023-07-27T15:01:00Z
US8mkiQDWNw,UCKIti5lckTRJREbbUY-dduA,24,IMPRIMINDO Coisas para CASA na IMPRESSORA 3D,,64,pt-BR,1981368,104653,2025-04-23T23:03:26Z
EqMOWZ--fi0,UCNrthyyJVjrJUpePrl6lW_g,24,Qual Bola Pula mais Alto?,,40,pt-PT,26361297,1117517,2025-05-10T00:14:33Z
d75awsuNvnw,UCcO3pf47GO1rxL4tlWEs5Ow,24,postagens que deram MUITO errado,,54,pt,6586257,513350,2025-04-29T23:00:40Z
Unzd9wW1Q5M,UCrhi898MWetcNRmuFfhd_xQ,17,Em busca das 40 Libertadores #futebol,,103,pt-PT,162804,14234,2025-05-23T19:19:55Z
qeG-K8DsW5Q,UC-DmSrLrxJtogfi4mi9Km_w,22,Provando o melhor churrasco grego de São Paulo,,69,pt-PT,577800,65087,2025-05-29T22:44:17Z
kW737LV_CZg,UCHw2aRSCveHIIxNinU2ZHpQ,27,Pq Esses Guardas Brigam?,,63,pt-PT,5843348,436830,2025-04-15T15:01:14Z
ZtTS2gVnXEw,UCDaM5npyBufSF9XF7XnDlsA,23,MÃE E O VAN DIESEL??? KKKKKK PALAVRA PROIBIDA,Erick Clapton|Clapton|Clapton tiktok|humor|comédia|stand up|risada|curiosidade|vídeos de humor|comediante|gargalhada|Vídeos curtos|vídeos para rir|melhor canal de humor|canal de humor|vídeos do Clepton|melhores vídeos do Clepton,44,pt-PT,10859887,358065,2025-05-01T22:30:06Z
ExRXrvcYx9E,UCXVoh_lRU1w1Y7Rl0-KCHlg,20,QUEM MONTOU A MELHOR CARREIRA?? #futebol #shorts,,161,pt-PT,1567234,162032,2025-05-23T14:29:18Z
GNOIgTZN7YM,UCW5ceU2VVprp5ZyAzxWQqYw,27,Treinamento dos Bombeiros #fisica,,32,pt-PT,3146074,219785,2025-05-22T20:00:18Z
hLfKfB0SRFg,UCDbAOOAnrtqyf2I2qJe2XLw,24,o que fazer se cair nos trilhos de trem?,,47,pt-PT,7055393,511753,2025-04-24T21:37:21Z
tivtNmErZCk,UCAmiE11hyW3iPdtQ9clqvtg,24,O Dia que a Globo foi HUMILHADA por 90 Minutos ao Vivo!,,82,pt-PT,471716,50146,2025-05-25T15:01:21Z
zgJhATa8f8s,UCdyuG9v5rD0agYOAuFgc_Fg,1,Ele precisou de apenas cinco balas...,,112,pt-PT,19876338,1241703,2025-05-26T14:55:01Z
jqQsZjK23Qs,UCcO3pf47GO1rxL4tlWEs5Ow,24,vinganças mais INSANAS,,66,pt,6418034,525524,2025-05-27T23:00:56Z
_utl2xNB8ZY,UC-DmSrLrxJtogfi4mi9Km_w,22,Comendo na hamburgueria do PODPAH,,65,pt-PT,390122,35967,2025-05-27T22:18:33Z
TxO8QMyo8Wc,UCeIfd5LezG2S1gt95W6IXyg,17,CORINTHIANS CAMPEÃO PAULISTA com HUGO SOUZA HERÓI E MEMPHIS PROVOCOU DEMAIS! Corinthians x Palmeiras,Corinthians|Corinthians x palmeiras|Corinthians ao vivo|Corinthians e Palmeiras ao vivo|Corinthians react|Corinthians melhores momentos|Corinthians x Palmeiras react|Corinthians campeão|Final Paulistão 2025|Final Corinthians e Palmeiras|Hugo Souza pegando pênalti|Hugo pega penalti|Penalti Corinthians x Palmeiras|Pênalti Palmeiras|Penalti Corinthians|Penalti perdido palmeiras|Penalti Veiga Corinthians|Corinthians e Palmeiras|Corinthians vs Palmeiras,2902,pt-PT,1439464,40188,2025-03-28T16:29:12Z
obJ4PLtrG6s,UCn_xnATygX4kl4y5Y2ZC4ng,22,O balde de sopa do Timmy é delicioso 😋,cubo de rubik|cubos de quebra-cabeça|jogos de tabuleiro|inteligência|rubik 3x3|rubik 5x5|movimentos do cubo rubik|arte contemporânea|DIY|arte com cubos|desenho com cubos|artista|anime|otaku|naruto|boku no hero|my hero academy|one piece|caçador de demônios|cubo de velocidade|recorde mundial|como resolver um cubo de rubik rapidamente|cubagem|cubo|em português|shorts em português,49,pt-PT,2504957,93547,2025-04-05T18:00:36Z
FMdJ11dOnVU,UCOpIGDq5SFF_0SWspZpIhZg,22,How long do trickshots take #shorts #trickshots,,29,en,20657675,573641,2025-04-07T22:42:27Z
mWxE3A890Y8,UCn_xnATygX4kl4y5Y2ZC4ng,22,Você consegue quebrar o recorde mundial de 1x1? 🤔,cubo de rubik|cubos de quebra-cabeça|jogos de tabuleiro|inteligência|rubik 3x3|rubik 5x5|movimentos do cubo rubik|arte contemporânea|DIY|arte com cubos|desenho com cubos|artista|anime|otaku|naruto|boku no hero|my hero academy|one piece|caçador de demônios|cubo de velocidade|recorde mundial|como resolver um cubo de rubik rapidamente|cubagem|cubo|em português|shorts em português,32,pt-PT,22242696,757156,2024-07-22T21:00:26Z
HdZ1J1gQIic,UCHw2aRSCveHIIxNinU2ZHpQ,27,Como Fazer Gelo Transparente 🧊,,42,pt-PT,923039,92791,2025-04-14T17:58:08Z
fSY4DIPMScg,UCn_xnATygX4kl4y5Y2ZC4ng,22,Serei capaz de quebrar o cubo Buffoonery?,cubo de rubik|cubos de quebra-cabeça|jogos de tabuleiro|inteligência|rubik 3x3|rubik 5x5|movimentos do cubo rubik|arte contemporânea|DIY|arte com cubos|desenho com cubos|artista|anime|otaku|naruto|boku no hero|my hero academy|one piece|caçador de demônios|cubo de velocidade|recorde mundial|como resolver um cubo de rubik rapidamente|cubagem|cubo|em português|shorts em português,29,pt-PT,9664205,270297,2024-09-24T21:00:21Z
fbyukEDXvys,UCHw2aRSCveHIIxNinU2ZHpQ,27,Fogo Consertando Celular 🔥📲,,65,pt-PT,2345663,277021,2025-05-17T21:05:27Z
xZ0eNNKplxQ,UC71qc0MiWlQVfPkkIRXzqFA,24,E SE A TERRA FOSSE UMA LUA DE SATURNO? #astronomia #universo,,70,pt-BR,1696483,137230,2025-04-21T00:55:20Z
IhOVzBZwpdQ,UCPsS7AJseJ_lnS6RGINgnkQ,24,Nunca estoure a bolha de um pneu ⚠️☠️ #curiosidades #fatoscuriosos #shorts,,31,pt-PT,3276124,58477,2025-04-18T21:00:27Z
bn2iRqLzfcI,UCsahCqRiZarflb9vXpAOVtQ,22,"Homem resgata tucano em lago e cria amizade com ave: ""Agora ele me visita todo dia"" #shorts",,93,pt-PT,3729178,350147,2025-04-11T23:01:27Z
OPr0_2GIrgQ,UCgqvjxFsQ3wXODvfKKbABKA,24,TOALHA ENGANA E BATE EM SIKÊRA!,sikera|sikera Jr Maconheiro|Sikera jr TV Acritica|Samurai Sikera|Thammy Sikera|Tolha podi Sikera|MIchele Sikera|Alerta Amazonas Sikera|Brunoso Sikera,766,pt,372076,20731,2021-07-05T23:00:06Z
VYx70YKoMFw,UC2z4w3gH5ngdd8jYNi4uD3g,24,CUBO MÁGICO DE 1 REAL ATÉ 800 REAIS,,60,pt-BR,2646770,190873,2023-08-26T14:45:01Z
0IOkz2YsHns,UCSxi0c-2Y505YjsDVoHdgOQ,24,ARRANQUEI os CARTAZES dos COMUNISTAS na USP! Eles SURTARAM,victo ruiz|ruiz|victorruizsp|esquerda vs direita|debate|entrevista|direita|USP|@victorruizsp|tirando cartazes|removendo cartazes|treta,988,pt,1637072,86832,2025-05-16T23:39:27Z
lyeVzDuw-B8,UCSxi0c-2Y505YjsDVoHdgOQ,24,"ENFRENTEI UMA LEGIÃO DE PETISTAS ENFURECIDOS NA MANIFESTAÇÃO ""SEM ANISTIA""",victo ruiz|ruiz|victorruizsp|esquerda vs direita|debate|entrevista|direita|sem anistia|anistia|lula|pt|esquerda|manifestação,943,pt,1386918,62185,2025-03-31T22:47:29Z
X_HPhSBHKPo,UCgqvjxFsQ3wXODvfKKbABKA,24,QUEM MANDOU VOLTAR?,sikera|sikera Jr Maconheiro|Sikera jr TV Acritica|Samurai Sikera|Thammy Sikera|Tolha podi Sikera|MIchele Sikera|Alerta Amazonas Sikera|Brunoso Sikera,134,pt,718565,53150,2020-04-08T01:00:43Z
qnuKOj1n93I,UC2z4w3gH5ngdd8jYNi4uD3g,24,CUBOS MÁGICOS MAIS BONITOS DA MINHA COLEÇÃO PARTE 2,xhonatas|cubo mágico|cubo magico|oncube|rubiks|rubiks cube|loja oncube|canal cubo magico|cubo magico no pote|menor cubo magico do mundo|1 cm|funko rubik's|funko cubo magico|funko rubik|latch cube|cubo magico com setas,60,pt-BR,1762466,102303,2023-10-28T14:45:07Z
m8WYeeimDKM,UCn_xnATygX4kl4y5Y2ZC4ng,22,"Ele venceu por apenas 0,01 segundos! 😯",cubo de rubik|cubos de quebra-cabeça|jogos de tabuleiro|inteligência|rubik 3x3|rubik 5x5|movimentos do cubo rubik|arte contemporânea|DIY|arte com cubos|desenho com cubos|artista|anime|otaku|naruto|boku no hero|my hero academy|one piece|caçador de demônios|cubo de velocidade|recorde mundial|como resolver um cubo de rubik rapidamente|cubagem|cubo|em português|shorts em português,60,pt-PT,316926,14809,2025-05-03T18:00:47Z
SWOaXlDwfTY,UC-DmSrLrxJtogfi4mi9Km_w,22,Comendo com R$ 12 em Osasco #fimdes #gastronomia #ondecomeremsp #pracadosalgado #comidaderua,,61,pt-PT,1813548,197107,2024-01-27T21:53:13Z
j8sp13YwtsI,UCcAg-rvBbiCE3tCg42aTIEQ,17,Preste Atenção Neste JOGADOR!,Preste Atenção Neste JOGADOR!,62,pt-BR,4397921,304947,2025-04-09T21:01:37Z
KwZZTNKWpNk,UCDbAOOAnrtqyf2I2qJe2XLw,24,"pênalti contra, vale?",,39,pt-PT,2802744,187886,2025-04-08T15:11:51Z
BOmTTKTQceM,UCRijo3ddMTht_IHyNSNXpNQ,17,CRAZIEST IMPOSSIBLE SHOT YET 🤯🏒 @AlwaysHockey,,44,en,153871003,6253416,2025-05-01T19:49:30Z
JNufnl3YLk8,UCw8OV-iJucJiXn4HKbV7rIw,17,O que eu escuto dos adversários #futebol #goleiro,,37,pt-PT,9710238,622198,2025-04-28T18:09:37Z
YmkzUJaxsUM,UCL3ODiql7ArhpNGe7583MRA,17,Players vs Pitch + HIM,,23,ro,17889707,230145,2025-03-18T15:01:00Z
kQ7sFfEYru0,UCUo1XzYYdH7vZRK4-TdcUIQ,22,Imagina se seu carro quebra em lugar MOVIMENTADO COMO A PAULISTA. #motoboy #motovlog,Ajuda|Motoboy|Av paulista|São Paulo|Ajudar o próximo|Motovlog|Motociclista,56,pt-PT,7852828,0,2025-05-03T00:20:21Z
REVNqndsosQ,UCcO3pf47GO1rxL4tlWEs5Ow,24,quantas dessas coisas PARARIAM uma bala?,,43,pt,11159725,444829,2025-05-16T15:00:48Z
AMF70_Tytcs,UC2z4w3gH5ngdd8jYNi4uD3g,24,Desafiei o Tricampeão Brasileiro de Cubo Mágico,,49,pt-BR,212213,11955,2025-04-10T18:46:22Z
MRjJ2nxGyHo,UCAcLx67GTdR0-nkS8ZhC3OA,23,Rubik’s Cube Collector Check,,31,en,2575076,67556,2023-08-19T10:11:42Z
e-uIrfHQIWo,UCTpKgmrtCMjbWiL1ITlwUUA,17,O que aconteceu com o zagueiro César Martins?,zagueiro césar martins|Bizarrices do futebol|zagueiro do flamengo defende com a mão,84,pt-BR,1992528,81734,2025-04-10T21:00:43Z
B1cFMNhDuo4,UCcAg-rvBbiCE3tCg42aTIEQ,17,🇧🇷🔥Brasil se vingou da Alemanha🇩🇪,,64,pt-BR,2601574,131223,2025-04-21T21:45:00Z
MJzFR5jbR_s,UCZiYbVptd3PVPf4f6eR6UaQ,17,CONFIRA OS MOMENTOS FINAIS (E CAÓTICOS) DA CONQUISTA DO CORINTHIANS NO PAULISTÃO 2025!,CazéTV|Cazé TV|Casimiro ao vivo|Casimiro|CazéTV ao vivo|Cazé ao vivo|cazetv|casimiro jogos|caze tv ao vivo|jogo ao vivo|assistir futebol|cazetv ao vivo|corinthians|palmeiras|paulistão|final,1196,pt-BR,2773028,28918,2025-03-28T14:30:10Z
mwkGpF13qPw,UCAcLx67GTdR0-nkS8ZhC3OA,23,Rubik’s Cube on Beat,,15,en,11492322,209435,2024-02-15T10:31:05Z
VQRLujxTm3c,UC6VcWc1rAoWdBCM0JxrRQ3A,20,Grand Theft Auto VI Trailer 2,Rockstar Games|Grand Theft Auto VI|GTAVI|GTA 6|GTA Six|Grand Theft Auto Six|Grand Theft Auto|GTA|Jason|Jason Duval|Lucia|Lucia Caminos|Vice City|Leonida,167,en,151822879,6378334,2025-05-06T13:29:04Z
Mn8S-jvmnpE,UCAcLx67GTdR0-nkS8ZhC3OA,23,This is What Cubers Do All Day,,51,en,9985988,472509,2023-08-09T03:37:20Z
u0iIJGjryiA,UCh68_fIevWZG7qYG_nC4rMw,2,Abertura do porta malas em toda linha Volkswagen Polo,,32,pt-BR,49056,598,2023-12-11T23:35:45Z
N7egcJ5HmVg,UC71qc0MiWlQVfPkkIRXzqFA,24,SIMULEI A CRIAÇÃO DA NOSSA LUA #astronomia #universo,,79,pt-BR,1241487,126904,2025-03-22T20:39:54Z
tEnJnO9tDsU,UCpvryVxK1FB8ukHOg2Leq6g,23,"Cenas Fortes: Donnarumma, do PSG, leva pisão na cara e fica com marcas; veja a imagem impressionante",,47,pt-PT,13920108,397585,2024-12-18T23:41:06Z
gvn3Gd0xWDE,UC2z4w3gH5ngdd8jYNi4uD3g,24,DESAFIEI O CAMPEÃO SUL-AMERICANO DE CUBO MÁGICO,,48,pt-BR,5194922,350208,2024-10-04T15:00:50Z
FN8biw9YyVQ,UCJm7iNPKhW7JzAP9PqMc_qQ,20,Como ESSES SONS do Minecraft SÃO FEITOS? #shorts,shorts|minecraft|sons|making of|um filme minecraft|curiosidades,49,pt-PT,5026851,311506,2025-04-19T21:00:13Z
ekFSxB0heWA,UC3lwwu-l4hrrT9JM8k--yAg,22,"A moto não parou, e o pior aconteceu! 😱💥",motociclista|gasolinacara|situaçãobizarra|rolêdehoje|curiosidade|shortsbrasil|vidadomotoqueiro|polêmico|sustos de motos|moto|observações diarias|motovlogbrasil,27,pt-BR,3533147,141877,2025-04-18T12:01:10Z
MgPKYeSwMQU,UCHw2aRSCveHIIxNinU2ZHpQ,27,Palito x 50L de Água,,67,pt-PT,9640599,602761,2025-04-23T15:07:59Z
bUTn3J32V28,UCcO3pf47GO1rxL4tlWEs5Ow,24,países que NÃO ESTÃO em 2025,,39,pt,14871495,641907,2025-04-24T19:00:36Z
MmxQw2TFOg0,UC71qc0MiWlQVfPkkIRXzqFA,24,TODOS OS PLANETAS ENTRE A TERRA E A LUA                                     #universo #astronomia,,62,pt-BR,1365355,119517,2025-04-07T00:20:30Z
IvDbv82rrjg,UCs-6sCz2LJm1PrWQN4ErsPw,17,O HUGO SOUZA REAGIU À NARRAÇÃO DO JORGE IGGOR NA DEFESA DO PÊNALTI  E FICOU MUITO FELIZ! #shorts,esporte interativo|tnt sports|tnt sports brasil|corinthians x palmeiras melhores momentos|corinthians x palmeiras lances|corinthians campeao|hugo souza|veiga penaltis|corinthians gols|corinthians|palmeiras|entrevista hugo souza|hugo neneca,56,pt-PT,492506,39996,2025-03-28T05:03:29Z
EIt3nkyN230,UCCyn0urPyjrNvcNXPRQFgAQ,17,BOWLING FOOTBALL CHALLENGE!😨🎳,,20,nl,13060394,475934,2025-03-04T16:35:00Z
fV8RiIaWrDw,UCt0eJtgmIOjHKmVwdqBI7Ug,20,esse tava fácil @pecanhaa @umIntrovertido #minecraft,,59,pt-PT,2845584,204086,2025-04-18T16:46:17Z
DCat6NHjvXU,UCcGadbLjMdrc8ADm-105WAA,22,"Aquela trend de levar um ingrediente para formar um prato, e dessa vez quase deu certo",,62,pt-PT,5511021,346186,2025-04-13T22:07:13Z
jb_UJRMJt-w,UCrhi898MWetcNRmuFfhd_xQ,17,Em busca dos 60.000 gols #futebol,,93,pt-PT,386708,36830,2025-04-05T17:00:25Z
mrJ-RBvFTm8,UCIw7yPaoRXww8SqpKHnuBdw,20,NÃO DEIXE esse comandante Alemão te reconhecer no Wolfenstein 2!,,131,pt-PT,3921269,500623,2025-03-21T21:06:59Z
O888bD_Eu1w,UCZi4KO44rQlGuAi4RxGkWgw,20,PLS DON'T CHECK THE SOUND!!💀💀,#minecraft,50,en,4911684,119146,2025-04-11T02:51:35Z
JkiAvKVBVEw,UCn0uDrJXlLmsoABxwYQoJMA,24,Já passou por isso? ​⁠@marcotuliodavi  #shorts,,52,pt-PT,6922067,643848,2024-12-06T22:55:07Z
_0rBH4HFkT0,UCV7MQhMWZivRDFcZSSNwcbQ,20,Test Your Might - Mortal Kombat1,Mk|gaming,40,en,6807509,212157,2025-03-25T01:13:21Z
gKk_h-4axLg,UCcO3pf47GO1rxL4tlWEs5Ow,24,como ASTRONAUTAS fazem as coisas?,,42,pt,14046488,575367,2025-04-12T19:00:36Z
4aixbM8XnCY,UCIw7yPaoRXww8SqpKHnuBdw,20,Subindo o Monte Chiliad do GTA 5 na VIDA REAL!,,54,pt-PT,7907606,536487,2025-04-10T22:29:46Z
zo452LtVg_8,UCn0uDrJXlLmsoABxwYQoJMA,24,Conseguiria cozinhar com ele? 😂 @marcotuliodavi  #shorts,,45,pt-PT,2458812,245611,2025-02-27T22:54:17Z
