video_id,canal_id,categoria_id,titulo,tags,duracao_segundos,idioma_padrao,view_count,like_count,data_publicacao
sgpagpNd0GU,UCaZzpp7_mJneDCsN8roBXVg,24,#balletdance #ballet #desafio,,75,pt-BR,6234447,279324,2025-07-05T21:25:50Z
aozGe-jsLwM,UCuw6BCcfM1VrwSjPh1yKIJw,27,Química - Ligação Covalente,química|ligação covalente|ligações químicas|Chemistry (Field Of Study)|química ligação covalente|Covalent Bond (Chemical Bond)|enem,466,pt-PT,583662,20861,2015-05-31T12:50:32Z
MlQHrnjSgm4,UCk7PLqymO8AziWRbBu8jeOA,24,DANILO GENTILI FOI PRESO NA FRONTEIRA DO PARAGUAI! - Operação Fronteira,Bruninho|BruninZor|GTArp|RP|grand theft auto|FiveM|Criança irritante|Lobinho|Cidade alta|GTA 5 RP|Roleplay|brunin|brunozzor|brino|Zero|bruninzor|Konnor lobo|GTA|Gameplay|Vagos|TIO PEDRO|Nicolly|Bruno dup'e|Lilith|Pudim|Vô,1180,pt-PT,1472840,54544,2024-03-27T13:54:51Z
Ub9GjGa24o8,UCNcaOXuxyjSwrbEhgZWA-NA,22,"ACHO QUE AGORA ELE REPAROU, SE ELE NÃO PARAR AGORA É PORQUE NÃO QUER MESMO - REACT XRACING",cortes do brino|cortes do bruninzor|brino|bruninzor|corte do brino|corte do bruninzor|lives|cortes|melhores momentos brino|clipes do bruninzor|cortes brino|humor|cortes brino oficial|cortes do brino oficial|motovlog|xracing|xracing videos|moto|motorcycle|x racing,1092,pt-PT,370603,5485,2025-05-05T14:30:17Z
3kyDztdgk6U,UCS9EGFuZdEEL1oF3cG3MG3w,24,As CENAS MAIS ICÔNICAS do Carrossel  | Os melhores do Brino,brino|humor|react|cortes|brino reagindo a carrossel|bruno carrossel|brino reagindo|bruninzor|brino carrosel|bruninzor carrossel|cortes do brino|reagindo a carrossel|melhores cenas de carrossel|melhores momentos carrossel|brino cenas de carrossel,1412,pt-BR,798807,19300,2025-08-09T23:21:31Z
2bQtRCf6NSo,UCk7PLqymO8AziWRbBu8jeOA,24,COMENDO OS ITENS MAIS CAROS DOS FAST-FOODS! 💸🍔 – React CheffOtto,brino|bruninho|react|brunozor|brinozor|bruninzor|reagindo|assistindo|videos engraçados|video react|engraçado|EUA|USA|avaliação|Estados Unidos|fast food|comidas|drive thru|itens|itens surpresa|surprise,1611,pt-PT,649951,24760,2026-01-31T14:00:04Z
LniRqZ0P5cQ,UC-GrTO1JSpW81tVu9kCkQlw,24,(playlist) late night vibes,love songs|playlist|music|soft|falling in love|soft music|soft music songs|love playlist|musicforthesoul|slowed|late night vibes|Lana Del Rey|Beanie|Taylor Swift|My Love Mine All Mine|Until I Found You|Stephen Sanchez|Mitski|Summertime Sadness|Cigarettes After Sex|Sweet|I Stayed Too Long|Heather|Cults|Always Forever,4066,en,3365745,34530,2025-09-16T16:00:42Z
_Xxp0jYrhcM,UCZiYbVptd3PVPf4f6eR6UaQ,17,ESQUI CROSS-COUTNRY E NA SEQUÊNCIA TEM LUCAS BRAATHEN NO ESQUI | OLIMPÍADAS DE INVERNO 2026,CazéTV|Cazé TV|Casimiro ao vivo|Casimiro|CazéTV ao vivo|Cazé ao vivo|cazetv|casimiro jogos|caze tv ao vivo|jogo ao vivo|assistir futebol|cazetv ao vivo|cortes casimiro|cortes cazetv|olimpiadas de inverno|jogos olimpicos|jogos olimpicos de inverno|jogos de inverno|olimpiadas|cazetv olimpiadas|cazetv jogos olimpicos|casimiro|jogos milao|jogos inverno milao|lucas braathen|lucas brathen|lucas|lucas esqui|braathen esqui|lucas pinheiro|snowboard,12403,pt-BR,581375,32390,2026-02-14T12:06:25Z
fTjDqADQzVk,UCZiYbVptd3PVPf4f6eR6UaQ,17,LUCAS BRAATHEN É MEDALHA DE OURO! DIA HISTÓRICO PARA O BRASIL | LÉRIGOU COM FERNANDA GENTIL,CazéTV|Cazé TV|Casimiro ao vivo|Casimiro|CazéTV ao vivo|Cazé ao vivo|cazetv|casimiro jogos|caze tv ao vivo|jogo ao vivo|assistir futebol|cazetv ao vivo|cortes casimiro|cortes cazetv|olimpiadas inverno|jogos inverno|jogos olimpicos|lerigou|fernanda gentil|defante|diogo defante|fe gentil|defante cazetv|defante inverno|defante olimpiadas|defante jogos olimpicos|lucas braathen|esqui|brasil esqui|lucas esqui|ouro brasil|lucas ouro|brathen,3823,pt-BR,26317,644,2026-02-15T01:23:50Z
f-ujTbRNbYw,UC1piXZ3hsT2G3ygoOIWCp3A,22,EU SEI QUE EU FUI MLK - MC Paiva e Nilo (DJ Di Marques e Kyo),funk bolado|funk|love funk|gr6 explode|funk 2024|funk lançamento|EU SEI QUE EU FUI MLK - MC Paiva e Nilo (DJ Di Marques e Kyo)|eu sei que eu fui moleque|eu sei que eu fui muleke|errei eu fui mlk|mc paiva e nilo|nilo e paiva|mc paiva 2024|nilo e mc paiva|nilo|mc paiva antigas|nilo mc,175,pt-PT,20245097,57647,2025-01-02T14:15:35Z
1pGh-wLu1pA,UC77tLd2g7KwXL-HnRfu2aXg,10,RESTART - Levo Comigo [Clipe Oficial],levo comigo|restart|recomeçar|controle remoto filmes|bruno graziano|Marcos|Maynard|Marcos Maynard|live concert,215,pt-PT,54821686,598280,2010-04-21T06:10:11Z
noXqEGIZak8,UC1ImjzW3rLPnWoPM8I3bTKA,27,COMO ESTUDAR E APRENDER - Prof  Pier,estudo|vestibular|palestra|concurso|conhecimento|neurologia|neuroapredizado|como estudar|oab|provas|testes,1404,pt-PT,1997252,134254,2020-01-24T21:24:23Z
aEnVHJ8D0jI,UCnpvpLH0qryY1sjzpn1HTsg,22,COMPRANDO MATERIAL ESCOLAR 2026! 📚✏️,,506,pt-PT,64411,1286,2026-01-13T19:25:04Z
ueTgzTu-A6U,UCf7NHjrBm0FIBm8SOet1q4Q,22,MILLENA E MANU DANCINHA GRINGA #millenaemanumaia,,36,pt,3224727,115197,2026-01-22T22:30:28Z
aKChuNNPnx8,UC_eBg6o7KnGs23t6p3T9YAg,24,UM DIA INTEIRO COMIGO - VESTIBULANDA DE MEDICINA  #studyvlog #study  #estudos,ipad|studytok|studyvlog|estudos|medicina|vestibulando|um dia inteiro comigo|study vlog|vestibulanda de medicina,174,pt-PT,65543,4956,2025-09-04T21:00:01Z
WVkODVyzUZo,UCNIIKNwC3wHErf6IBVr5K5g,22,DESAFIO DO STOP EXTREMO !!!,,1258,pt-PT,132879,3178,2025-04-23T20:10:31Z
og_0ooPavr0,UCYFbYwszT1NQ4IND2baIOTw,24,QUEM FIZER O MELHOR DESENHO GANHA MATERIAL ESCOLAR! ELA SE SUPEROU😱,Larissa Freitas|Lari Freitas|Mundo da Lari|Desafio|Diário da Carol|quem desenha melhor|quem desenhar melhor ganha|material escolar,1553,pt-PT,43169,1594,2026-01-19T21:00:54Z
Q0lKj-KkAlk,UC_eBg6o7KnGs23t6p3T9YAg,24,FIZEMOS A TREND MAIS VIRAL DO TIKTOK! - O JOGO DA MENTIRA,manuzinha star|diario da carol|carol teixeira|amigas|desenhar|jogo da mentira,1270,pt-PT,122072,2869,2025-12-11T14:30:24Z
-_gvwemZgTU,UC-bvuG8yEG1SEPYLzABkvlA,22,13 coisas que eu PAREI DE FAZER depois de estudar NEUROCIÊNCIA,cresça em silêncio|2026|como ser a minha melhor versão|best version of myself|hábitos minimalistas|hábitos que fazem evoluir|hábitos de pessoas ricas|hábitos de pessoas milionárias|minimalismo|minimalismo na prática|minimalismo estilo de vida|como ser minimalista|minimalismo vida real|hábitos e rotina|do caos a ordem|hábitos para eliminar|o que não fazer para a vida melhorar,939,pt,1237776,99713,2025-12-15T20:45:32Z
mIEd0fWiaaY,UCKnMcgDLxDeq9HqUgLhtYbQ,24,"""O falsete fez quem eu sou"", diz Melody | De Frente com Blogueirinha",melody musicas|melody e leo santana|melody desliza|desliza leo santana|de frente com blogueirinha|melody cantora|melody falsete|melody entrevista|melody e anitta|melody mc lomma|melody mel maia|melody namoro|melody pai|melody mae|melody ariana grande|melody naldo benny|melody podcast|melody polêmicas|melody carreira|dia tv ao vivo|blogueirinha diatv|blogueirinha podcast|blogueirinha narcisa|blogueirinha maya massafera|blogueirinha paola,26,pt-PT,1822392,128433,2025-11-18T00:45:06Z
d8QyUA3x8-E,UCbR_kZV8M_TrhUmc7lN5juw,24,EU DEIXANDO PRA PESQUISAR SOBRE O PRODUTO SÓ DEPOIS QUE JÁ USEI ELE - CAMILA LOURES,,36,pt-PT,4272789,161017,2025-12-27T19:08:06Z
1Mk4STP3hIQ,UCAwhAWXKwHjcXdxwReow4Gw,20,Sempre tem😂 #humor,,33,pt-PT,6384814,344793,2025-12-12T18:50:36Z
rwacFRnT37Q,UCV306eHqgo0LvBf3Mh36AHg,24,OUVIMOS E NÃO DEMITIMOS #2,felipe neto|irmãos neto,109,pt-PT,5346165,591025,2025-03-19T21:27:00Z
NdzQNRR8l2c,UCrQ_gVJvIHxN6JHd2bmpxgw,22,CASAL DE PAULISTAS NA PRAIA DO RJ 😂,,42,pt-PT,10924570,532378,2026-01-02T18:46:29Z
mSmzYwvA9I8,UCuc17RFi4UBDurUdOD4V9dA,22,Quase que me arrependi desse novo quadro #ceramica #torno #satisfatorio #peça #argila,,67,pt-PT,30506366,835531,2025-04-02T14:18:36Z
QlbzGDaCd1I,UCx96PbCN-ADX3QLaJ19gqUw,10,Liam Hemsworth e Miley Cyrus #shorts,Liam Hemsworth|Miley Cyrus|Liam Hemsworth e Miley Cyrus|nostalgia|anos 80|anos 90|anos 2000|hollywood|coisa de musico|meme|memes|humor|humor brasil|baterista|batera|blatera|drum cam|videos tiktok|tiktok|videos viral|reels|reels instagram|instagram|trend|bateras do brasil|batera gospel|baterista do brasil|shorts|knotfestval|baterista caindo|musicos errando|meme de baterista|baterista meme|baterista caindo na bateria,20,pt,2624586,172415,2025-12-17T03:00:34Z
SIEithwFy1A,UC_HFzbHKw99sIRgqwCO2dTw,22,"Se você teve um abraço de mãe, você teve tudo | Andrea Vermont no Podcast 3 irmãos.",,67,pt-PT,8915914,497854,2025-11-22T23:20:19Z
eyc3fK-yjTY,UCD6yvm5Tsrxx6SRpx4QACaA,23,IRMÃ EVA e a PONTUALIDADE,vaca amarela|irma eva|danilo gentili|the noite|humor leve|conversa divertida|bastidores|curiosidades|vida religiosa|rotina diferente|histórias engraçadas|podcast|entrevista|relatos pessoais|cultura|cotidiano|tv brasileira|entretenimento|achismos tv|histórias reais|bom humor,50,pt-BR,4378901,245481,2026-01-14T16:05:05Z
7z_IylszTgk,UCZN5T53vyfO8jDg6d5a_gWA,22,Você foi na casa de uma amiga que tem hábitos diferentes dos seus @larissagloor #shorts,Larissa Gloor,42,pt-PT,6708620,386647,2026-01-15T15:00:15Z
yg8qiAu_VUw,UC_oDftjT0nlHYw2UHdYcZmw,22,#humor #comedia #shorts,,59,pt-PT,10429475,518252,2025-12-04T13:31:21Z
W_-cTfO0ix0,UCLz0TLYfO8D0uOTyysZcDUA,24,Como seria o mundo se víssemos só a beleza interior,,63,pt-BR,1082794,100554,2025-10-28T16:34:33Z
Vns7JmvumFA,UCYFbYwszT1NQ4IND2baIOTw,24,QUEM ACERTAR A PERGUNTA GANHA MATERIAL ESCOLAR!! ELA ERROU TODAS😂,Mundo da Lari|Lari Freitas|Larissa Freitas|Manuzinha Star|Manuzinha|Diario da Carol|Carol Texeira|Familia Diario da Carol|Material Escolar|quem responder ganha|quem acertar ganha|não seja lerdo|tente não ser lerdo|desafio|desafio de material escolar,1409,pt-PT,199896,4824,2025-06-30T21:00:27Z
E4mx1dXcMOM,UCSZbGAdo4eZPpT9RBs-hE7Q,24,COMPRANDO MATERIAL ESCOLAR 2026 📚,Material escolar|Material escolar 2026|comprando material escolar|vlog comprando material escolar|primeiro dia de aula 2026|Meu material escolar 2026|meu material escolar,991,pt-PT,76927,2044,2026-01-07T21:05:29Z
06rtxLh0LYM,UCcWKpMNiEYeaTQ5cdNT8EwA,25,O QUE É E COMO FUNCIONA UM SINDICATO?  | MANUAL DO BRASIL,o que é sindicato|como funciona sindicato|sindicatos como funcionam|quantos sindicatos existem no brasil|sindicato|sindicato do comercio|sindicato rural|sindicato dos comerciarios|sindicato dos bancarios|sindicato dos trabalhadores|sindicato dos metalúrgicos|sindicato dos motoristas|movimentos sociais|trabalhadores|direitos trabalhistas|direitos dos trabalhadores|fraude nos sindicatos|greve|greve dos caminhoneiros|lulalivre|lula livre|bolsonaro|desemprego,540,pt-PT,111824,6222,2019-11-21T20:45:02Z
9wQB3rg5k88,UCr3rCE0qtOkHZ4JD8JcT3xw,22,"Como não pagar a contribuição assistencial sindical, se você não quiser!",,84,pt-BR,78963,2483,2023-10-01T23:07:04Z
CtgZbxN8444,UCKD_j9_A2cEIE_VLG2Dbb4w,27,Como parei de PROCRASTINAR e estudei +90 HORAS em 30 DIAS,como estudar mais|método pomodoro|como parar de procrastinar|como estudar sozinho|foco nos estudos|estudar em casa|rotina de estudante|como criar rotina de estudos|estudar sem motivação|dicas de estudo|como ser disciplinado|estudar 6 horas por dia|organização para estudar|hábitos de estudo|método de estudo|vlog de estudos|estudar mais horas|estudar com foco|rotina real de estudos|enem|vestibular|concurso,1128,pt-BR,129496,16151,2025-10-21T14:50:46Z
-Nmmc-jDF8Y,UCZxI1cW25GYZAfFIuPkxsfA,22,Aprenda a organizar sua vida com esses apps incríveis l Sistemas de Produtividade 2025,produtividade|seja uma pessoa melhor|aplicativos para ganhar dinheiro|aplicativos que pagam|zona de progresso|assistente pessoal|amor proprio|seja inteligente|aumentar sua produtividade|gerenciamento de tempo|desenvolvimento pessoal|desenvolvimento pessoal feminino|customize seu iphone,790,pt-PT,16028,1337,2024-09-10T22:00:00Z
KSv_71p1bIQ,UCA7KreaAUrZJqX3GQCFQqCA,22,Teve um momento que fez você se sentir adulto?,,135,pt-PT,533129,39755,2025-12-11T08:52:56Z
yUGgu_MpeuI,UC_eBg6o7KnGs23t6p3T9YAg,24,COMPRANDO MEU MATERIAL ESCOLAR 2026 !!,material escolar|papelaria|manuzinha star|manuzinha material escolar|escola|escolar|meu material escolar|comprando material escolar|material escolar manuzinha|material escolar 2026|comprando meu material escolar 2026,2289,pt-PT,289286,6664,2025-11-29T14:31:00Z
YmuCscev_I8,UCj1vm1_v3gZZPmOS9fizsLg,22,Pulseira com berloques Stranger Things,,10,pt-PT,4117532,112521,2025-12-11T20:58:01Z
_RlQBQ3OAaw,UC9UPSYin2h80UzmYHgi-F7A,27,ESSA CRIANÇA ESTAVA FINGINDO QUE ESTAVA DORMINDO E A SUA MÃE USOU O SISTEMA CONTRA ELA,,55,pt-PT,9785286,364169,2025-12-10T23:32:00Z
n94U4DgyDcw,UCgvsfGsp-qLVe9l8dinc0EQ,24,Ele previu a própria partida?,Mamonas Assassinas|Geração Nostalgia|Nostalgia|curiosidades,33,pt-PT,11418045,685450,2025-08-24T20:45:20Z
45sJygxAXcE,UCWw3m6U6WfbCkeAbJ4RDEBA,23,TENTE NÃO RIR: OS MELHORES VÍDEOS🤣 #vizualiza #videosengracados #tentenaorir#humor #comedia #tiktok,,11,pt-BR,3523694,145133,2025-12-07T10:02:48Z
oVraw5hkTDg,UC_Y1v8Z_WV-H5n-ebZyZoJQ,24,as tiktoker q tao competindo pra ver quem é melhor kkkk,,42,pt-PT,2035224,120283,2025-09-13T17:01:09Z
AIEihV-eiCA,UCKnMcgDLxDeq9HqUgLhtYbQ,24,UM PROCEDIMENTO? UM PROCEDIMENTO QUE DEU CERTO? 👀 | Maya Massafera no De Frente com Blogueirinha,maya massafera cirurgia|maya massafera olho|maya massafera cirurgia do olho|cirurgia andressa urach|cirurgia dos olhos|de frente com blogueirinha|blogueirinha andressa urach|maya mazzafera antes e depois|maya massafera muda cor dos olhos|maya massafera bolsa falsa|maya massafera joyce|maya massafera elite francesa|maya massafera olhos|maya mazzafera polemicas|maya massafera é rica|dia tv|dia tv ao vivo,16,pt-PT,2295077,100720,2025-09-16T02:00:09Z
NuB5OEtEk_E,UCKnMcgDLxDeq9HqUgLhtYbQ,24,UMA CANTORA BOA? UMA CANTORA MUNDIAL?  👀 | Melody no De Frente com Blogueirinha,melody musicas|melody e leo santana|melody desliza|desliza leo santana|de frente com blogueirinha|melody cantora|melody falsete|melody entrevista|melody e anitta|melody mc lomma|melody mel maia|melody namoro|melody pai|melody mae|melody ariana grande|melody naldo benny|melody podcast|melody polêmicas|melody hits|melody carreira|diatv|blogueirinha diatv|blogueirinha podcast|blogueirinha narcisa|blogueirinha maya massafera|blogueirinha paola,33,pt-PT,2822833,155232,2025-11-18T01:00:35Z
681Qm4OUaOI,UCw59n9aa4SgAoQWNa6UAsIg,22,ARRUMANDO AS MALAS PARA FACULDADE NOS EUA | JustPoppin,,905,pt-PT,37250,2249,2021-08-23T15:14:09Z
7C2z4GqqS5E,UC3IZKseVpdzPSBaWxBxundA,10,BTS (방탄소년단) 'FAKE LOVE' Official MV,BIGHIT|빅히트|방탄소년단|BTS|BANGTAN|방탄|FAKE LOVE|FAKE_LOVE|fake love,319,ko,1370925253,22218308,2018-05-18T09:00:02Z
BVwAVbKYYeM,UCweOkPb1wVVH0Q0Tlj4a5Pw,10,[MV] BTS(방탄소년단) _ DOPE(쩔어),원더케이|1theK|로엔|로엔티비|로엔뮤직|loen|loentv|loenmusic|韓流|韓国|kpop|artist|mv|teaser|뮤비|티져|ロエン|ミュージック|テレビ|ミュージックビデオ|ティーザー|ケーポップ|韓国の歌|アイドル|エスエフ|シー・エス・アイ|２４時間前|レッツダンス|踊り|ダンス|振付け|インタビュー|イベント|ラントゥユー|ライブ|new song|신곡|방탄소년단|빅히트|bts|comeback trailer|big hit|花樣年華|화양연화|I NEED U|DOPE|쩔어,257,ja,837343503,9610906,2015-06-23T15:00:01Z
tt2k8PGm-TI,UCy5FUarBYUHFpPtYVuvzgcA,10,ZAYN - Dusk Till Dawn (Official Video) ft. Sia,Dusk Till Dawn|ZAYN feat. Sia,338,en,2368826487,15956091,2017-09-07T12:00:09Z
-qqCx5ZyscE,UC-AlofdKECUdhXrbJQZ6iEg,10,MAGIC! - Rude,Rude Lyrics|Rude|Rude MAGIC!|MAGIC! Rude|MAGIC!|rude lyrics|rude|rude magic|magic rude|magic!|rude magic!|magic! rude|Can I have your daughter for the rest of my life?|Say yes say yes 'cause I need to know|Why you gotta be so rude?|Don't you know I'm human too?|I'm gonna marry her anyway|Marry that girl|Marry her anyway|Yeah no matter what you say|And we'll be a family|You say I'll never get your blessin' till the day I die|the answer is no|lyrics|Lyrics,224,en,34741981,76040,2023-07-22T16:29:30Z
6QYcd7RggNU,UChO8h2G8UjOVc081rgYU8XQ,10,Charlie Puth - Attention (Lyrics),Attention Lyrics|Attention Charlie Puth|Charlie Puth Attention|Charlie Puth|Attention|attention lyrics|charlie puth attention|attention charlie puth|charlie puth|attention|You just want attention you don't want my heart|Maybe you just hate the thought of me with someone new|Yeah you just want attention I knew from the start|You're just making sure I'm never gettin' over you|You just want attention|lyrics|Lyrics|But you're not coming home with me tonight|vibe music,213,en,107797443,423363,2023-05-18T14:47:04Z
cMYYpvXPLkE,UCRrhk0kLmnzZO11tPCUU00A,10,Christina Perri - A Thousand Years (Lyrics),Christina Perri - A Thousand Years (Lyrics)|Christina perri|A Thousand Years|lyrics|christina perri a thousand years lyrics|christina perri lyrics a thousand years|lyrics a thousand years christina perri|lyrics a thousand years|a thousand years lyrics|christina perri a thousand years sub español|a thousand years by christina perri|a thousand years christina perri lyrics|a thousand years lyrics christina perri|lyrics christina perri a thousand years,320,en,32047842,62359,2023-12-06T17:00:37Z
450p7goxZqg,UCNnnwVSI5Ndo2I4Y-LPuuew,10,John Legend - All of Me (Official Video),all of me|john legend|john legend all of me|love songs|all of me john legend|all of you|all of me john legend lyrics|john legend all of me lyrics|love song|all of me loves all of you|romantic songs|romantic music|Valentine's Day|valentines day|valentines|valentines day classics|happy valentines day|valentines day 2023|romantic love songs|best love songs|love songs 2023|Album|Pop|Romantic|Single,308,en,2650548686,14060610,2013-10-02T14:00:06Z
75-Com9Bo_s,UCh1coBqMQvaFYYqJxSuZtKQ,10,H.E.R. - Best Part (Lyrics) Ft. Daniel Caesar,Unique Sound|H.E.R.|Best Part|H.E.R. Best Part|Best Part H.E.R.|Lyrics|Lyrics Best Part|H.E.R. Best Part Lyrics|Best Part H.E.R. Lyrics|H.E.R. Lyrics|Best Part Lyrics H.E.R.|Lyrics H.E.R. Best Part|Lyrics Best Part H.E.R. Ft. Daniel Caesar,210,en,186397642,432099,2022-02-18T17:30:03Z
xiL_BeCWvLg,UCvuJTWl_peL49CUfF2EAbyg,24,O ÚLTIMO A PARAR DE COMER COMIDA APIMENTADA GANHA!!!,camila|loures|CAMILA|LOURES|XIS|xis|lago|mansao|MANSAO|CASA|serie|pop|24 horas|24 HORAS|TEMPORADA|temporada|festa|FESTA|ANIVERSARIO|aniversario|surpresa|SURPRESA|morar|juntos|FAMILIA|familia loures|familia|challenge|desafio|DESAFIO|CHALLENGE|TROLLEI|PRANK|trollei|trolagem|prank|TROLAGEM|MUSIC|MUSICA|OFFICIAL|CLIPE|WEBSERIE|webserie|gravida|GRAVIDA|NAMORADO|namorado|crush|casal|tiktok|piscina|PISCINA|CRUSH|TIKTOK|mrbeast|MRBEAST,1585,pt-PT,1201738,33821,2025-04-14T22:01:00Z
kDmd-0X5k4E,UC_eBg6o7KnGs23t6p3T9YAg,24,QUEM ACERTAR O PESO GANHA!! Com Carol Teixeira,desafio|desafios|carol teixeira|manuzinha star|diario da carol|diário da carol|manuzinha|treta|acerte o peso|acertar o peso,1065,pt-PT,174253,3859,2025-06-24T22:01:00Z
Pg3RXK7CXWc,UC_eBg6o7KnGs23t6p3T9YAg,24,RECEBI UMA SURPRESA ANTES DO ENEM e CHOREI MUITO!!,#enem 2025|#enem|#vestibular medicina|#estudante|#estudantes|#study|#estudante de medicina|#surpresa|#motivação|#emocionante|#surpresa emocional|#manuzinha star,1457,pt-PT,89410,2922,2025-11-08T16:00:40Z
A9HgAzpGg4s,UCGuPSXfz9D5w-omTZACdJ7g,10,Larissa Manoela - Pra Ver Se Cola (Lyric Vídeo),larissa manoela|pra ver se cola|pra ver se cola letra|pra ver se cola lyric|pra ver se cola liric|cumplices de um regate|musica cumplices de um resgate|pra ver se cola cumplices de um resgate,197,pt-PT,20009103,228433,2016-06-15T22:51:57Z
ZCVmVf0YNcw,UCGuPSXfz9D5w-omTZACdJ7g,10,Larissa Manoela - Fugir Agora,Larissa Manoela (Film Actor)|Larissa Manoela|Larináticos|Fugir Agora|Carrossel|Larissa Manoela Fugir Agora|Com Você|Larissa Manoela Com Você|cumplices de um resgate|patrulha salvadora,247,pt-PT,61851704,679281,2014-09-02T18:02:53Z
AiKgpTaBwFk,UC605s7hMHDSDaUx3txHckGQ,10,Marcos e Belutti - Eu Era,eu era|eu era marcos e belutti|marcos e belutti|marcos e beluti|eu era marcos|eu era belutti|sertanejo|sertanejo universitario|sertanejo 2017|clipe sertanejo|henrique e juliano|aquela pessoa|2017|dupla|musica nova|lancamento|matheus e kauan|modão|vidinha de balada|beijou a boca errada|lembrou da boca certa|marcos e belutti musica nova|marcos e belutti 2017|nego maiara e maraisa|nego borel|esqueci como namora|nego|nova musica do nego|ai ai ui ui nego,209,pt-PT,226052371,1468025,2017-04-07T20:00:00Z
Jwgf3wmiA04,UCbW18JZRgko_mOGm5er8Yzg,10,One Direction - Drag Me Down (Official Video),One Direction|OneDirectionvevo|Harry Styles|summer|Liam Payne|summer playlist|Louis Tomlinson|chill|Niall Horan|summer mix|NASA|rocket|single|space|album|pop|syco music|Drag Me Down|Made In the AM|history|Perfect|story of my life|karaoke|summer music|1D songs|summer songs|Kiss You|Little Things|Gotta Be You|what makes you beautiful|one direction drag me down live|drag me down live|one direction remix|one direction official video,192,en,1125941167,9759854,2015-08-21T05:30:00Z
0nHHZZRYNf4,UCYOpPILQDfJdQP3zCX3aVfQ,10,"Vulgo FK, MC PH, Veigh - Ballena (Clipe Oficial)",Vulgo FK|Perdas & Ganhos|Perdas e Ganhos|FK|Trap|Funk|Rap|Trap BR|2023|Som Livre|Não Tenho Tempo|Wey|Ballena|2023 vulgo fk|Celine|Porsche Hortelã|Pra Que Isso|MC PH|Veigh|Bebida Rosa|Morrer de Amor|Tz da Coronel|Oruam|Bvga|Nagalli|H4lfmeasures|Refém|Pra Que Isso?|Voltar No Tempo|Meu Neném|Abre o Quarto|Não Me Liga Mais|jacaré no peito|Kayblack|Bvga Beatz|Ecologyk|Vem Desestressar|Meca Cereja|Chefin|Duvidosa|MC Caverinha|Mandona|O Melhor do Trap,206,pt-PT,187098950,981021,2023-07-14T15:12:10Z
thfYx-W63ws,UC9OMsuaqvGdF0MtK3gYYNkA,10,MC Paiva - Doce Veneno (Love Funk) DJ Kotim e DJ Alladin,funk|love funk|mc|funk 2022|love funk 2022|love funk oficial|MC Paiva|Doce veneno|DJ Kotim|DJ Aladin|doce veneno|dj kotim|dj aladin|doce|veneno|mc paiva|paiva|mc paiva 2022|mc paiva musica 2022|dose veneno|doc veneno|mc davi paiva,205,pt-PT,69437499,390960,2022-07-27T15:00:41Z
s97IkRo8Txg,UCNUQK9mQoqi4yNXw2_Rj6SA,10,MC Pedrinho - Eu Vou Te Pegar (GR6 Filmes),gr6|explode|music|filmes|MC Pedrinho|Eu Vou Te Pegar|Jorgin Deejhay,203,pt-PT,192435872,2097107,2017-10-16T21:00:33Z
fyv07aFqDos,UC5U4MfVveoRxlMx0czbPGqw,10,FALA QUE ME AMA É CEDO DEMAIS - MC Kaio e MC L Da Vinte (Funk Explode),funk explode|funk|lançamento|video clipe|música de funk|funk 2020|mc|funk lançamento|playlist de funk|funk mais tocado|mc kaio e mc l da vinte tanto faz|lançamento mc kaio|musica nova mc l da vinte|tanto faz|fala que me ama é cedo demais|MC Kaio|MC L Da Vinte|Saudade de Voce|que saudade de voce|sou de todas,164,pt-PT,68513545,664731,2020-12-18T15:00:09Z
F-XhH1FTKm0,UCffDXn7ycAzwL2LDlbyWOTw,10,MC Kekel - Quem Mandou Tu Terminar? (KondZilla),Funk|Música de Funk|Musica de Funk|KondZilla|Kond|Musica|Música|musicas|músicas|mc|mcs|funks|funk2019|funks2019|músicas de funk|musicas de funk|MC Kekel|Kekel|Quem mandou tu terminar|MC kekel - quem mandou tu terminar?|To bonito|to bonito to ne|dj pereira original|dj pereira,200,pt-PT,140487697,1463575,2017-02-13T21:00:00Z
UwSQQks1KwM,UCWFY-al0KKyKooWmXZH3hxQ,24,PRIMERO DIA DE AULA DA FACULDADE NOS EUA,,587,pt,10689,898,2025-10-24T14:01:01Z
jTlJViKihsU,UCXBJ_Ef8qfYrwN5cY8W7ziA,27,FÁCIL e RÁPIDO | POLÍGONOS REGULARES CIRCUNSCRITO,geometria plana|exercicios de matematica|poligonos regulares|dicas de mat|sandro curio|desafio|enem|polígonos|triangulo equilatero|circunscrito|poligonos regulares circunscritos|hexagono regular|quadrado circunscrito,606,pt-PT,114235,8720,2020-08-25T20:51:47Z
K6iRoT8u2xU,UCSeTIAELP_jWhlmfZbzmPxw,10,SIMPLESMENTE ELA - MC GABZIN (Doug Filmes) DJ MARCUS VINICIUS,doug filmes|funk 2022|doug|funk|gabzin|simplesmente ela|incrivel|incrivel jogando a potranca|jogando a potranc|simplismente ela|mc gabzin|Quando a raiva passa Sempre brota lá em casa|quando a raiva passa|sempre brota la em casa|a raiva passa|brega funk simplesmente ela|malvada sempre quer jogar na minha cara|na raba safada|sempre quer jogar na minhacara|olha que mina louca brigando de madrugada|joga na minha cara|funk 2023,160,pt-PT,62690186,549101,2022-02-11T15:00:14Z
Aq9ocKJ2jPY,UCNLQAiKzkuQqrKq_dHWCcGg,10,Surtada (Remix Brega Funk),Dadá Boladão|Tati Zaqui|OIK|Surtada,153,pt-PT,12360804,110631,2024-07-02T20:16:39Z
sSFtIQMRoMI,UC9XmEr94ouYXWjEoE7KcIqQ,10,MC Paiva - Fala na Cara Não Sente Saudade (Vídeo Clipe) DJ AK Beats,Pega a Visão|fM749!0|pega a visao|funk 2023|love funk|mc|mc paiva|paiva|mc paiva fala na cara|fala na cara|dj ak beats|paiva fala na cara|MC Paiva - Fala na Cara (Love Funk) DJ AK Beats|paiva fala na cara nao sente saudade|Fala na cara não sente saudade|fala na cara mc paiva|mc paiva menos ego mais maturidade|mc paiva fala na cara clipe|mc paiva fala na cara não sente saudade|mc paiva menos ego bem mais maturidade|mc paiva musica romantica,174,pt-PT,13934930,39684,2023-10-12T16:00:43Z
lV2plyhSRBU,UCYd16_z1PpZbCe0ThNgXVxg,22,Vem Cá - Pelé MilFlows (Prod. Volp & Rafa Valle),1kilo|pele mil flows|altamira|acustico|batalha da aldeia|deixe me ir|pelé|milflows|hip hop|rap nacional|pelé milflows|nacional|pele|hip hop brasil|love song|amor|rap nacional 2018|pele milflows|vem ca|1000 flows|deixe-me ir|brainstorm|ouvir rap nacional|rap nacional 2019|rap acústico|best rap songs 2018|rap music|poesia acustica|vem cá|poesia acústica|poetas no topo|poesia|perfil|rap 2018|como ela nao ha|demorei pra encontrar alguém como você,167,pt-PT,305579423,2249583,2018-04-10T15:03:07Z
SKi6eiN3qhc,UCgxJbslwDU0IaNt2YjUzWlQ,10,Matemática,Restart|Geração|Matemática,191,en,4852525,80984,2018-10-10T01:25:22Z
sVNWYFQb_Eo,UCa15aWDZO8ZdoRCIkF5FtUA,10,ResenhaDaBlakk: VE SE NÃO DEMORA - Dcan | Kiaz | Nith | Agnes Nunes,Resenhadablakk|resenha da blakk|agnes nunes|nith|dcan|kiaz|blakkstar|luiz lins|o que sobrou|não tem mais nos dois|Poesia Acústica #6 - Era Uma Vez - Mc Cabelinho | MODE$TIA | Bob | Azzy | Filipe Ret | Dudu | Xamã,212,pt,146205499,1540034,2019-01-18T01:57:42Z
f8O8POM1Zzk,UCXdXYG8dUmEv6jhEji_lSHg,25,Congresso internacional discute protagonismo de crianças e adolescentes na zona leste de SP,jornal da cultura|Jornal|jornalismo|tv cultura|informação|noticia|JornalismoTVCultura|JornalismoDigital|JornalismoOnline|YouTubeNews|YouTubeNotícias|#Notícias,174,pt-BR,734,52,2025-10-13T15:28:06Z
bF_j7Xuy3AQ,UCyPay5T2TVSkjQ09RIMMp2A,10,Bruno Mars Late Night Playlist Mix - Come Ride With Me,,2099,en,1356051,15250,2025-09-22T03:26:23Z
kTlv5_Bs8aw,UC3IZKseVpdzPSBaWxBxundA,10,BTS (방탄소년단) 'MIC Drop (Steve Aoki Remix)' Official MV,BIGHIT|빅히트|방탄소년단|BTS|BANGTAN|방탄|MIC Drop,274,ko,1553166232,21534493,2017-11-24T09:00:02Z
SxAvr92fRg4,UC9vrvNSL3xcWGSkV86REBSg,10,DNA,BTS|LOVE|YOURSELF|結|'Answer'|DNA,224,en,12266856,193856,2018-08-24T13:26:28Z
6vYfweMwg-c,UCl62Tu26NKxAL6LsoPYpt5Q,22,2010s summer vibes ~nostalgia playlist,summer|2010s summer|2010s mix|summer mix|summer songs|summer roadtrip,4642,en,903065,4819,2025-04-11T13:00:23Z
dWpGsK8Md28,UC6rwiIxv0w2fbmmr66wl1rA,10,Luan Santana - Te Vivo (Clipe Oficial),Luan|Santana|Te|Vivo|Lançamento|2012|Clipe|Videoclipe|Oficial|Fantástico|clip,210,pt-PT,158818835,1153500,2012-07-30T00:10:58Z
MdrOs55se5Y,UCDJ48HUkB1LIuEB8Dscagww,22,Restart - Levo Comigo,restart|levo comigo|maynard music|pop,215,pt-PT,8830885,99170,2017-06-23T21:17:42Z
keWoksM8Sk0,UC77tLd2g7KwXL-HnRfu2aXg,10,RESTART - Menina Estranha [Clipe Oficial],restart|menina estranha|clipe|banda restart|pe lanza|pe lu|koba|thomas|video clipe|paul domingos|faroeste|maynard|banda|happy|rock,224,pt-PT,41915120,550902,2011-12-20T19:41:07Z
L8rAgnAO0uU,UCdH6NNUeMkW9x3WMnMB08Cw,10,BandaFly - Quero Você (Videoclipe Oficial),cabelos|de|algodão|seus|detalhes|paulo|caíque|castagnoli|gama|banda|fly|bandafly|flay|quero|você|se|foi|pele|morena|ep|somos|um|traicionera|segue|em|frente|mais|verao|musicas|novas|sessions|leo rocatto|krawk|leozin|matue|trunks|kevinho|livinho|trap br|rnb|r&b|black brasil|beat|type beat|mati|gama records|gamvrec|ditto|ditto br|froid|qualy|luccas carlos|lucas carlos|caslu|neblina|rashid|projota|vitao|kweller|#acelera|#ligacao|#ligação|Usjm3PvcXVU,177,pt-PT,22441904,361836,2013-05-09T23:00:14Z
rezGbTZco38,UCdH6NNUeMkW9x3WMnMB08Cw,10,Banda Fly - Cabelos de Algodão [Official Video],cabelos|de|algodão|seus|detalhes|paulo|caíque|castagnoli|gama|banda|fly|bandafly|flay|quero|você|se|foi|pele|morena|ep|somos|um|traicionera|segue|em|frente|mais|verao|musicas|novas|sessions|leo rocatto|krawk|leozin|matue|trunks|kevinho|livinho|trap br|rnb|r&b|black brasil|beat|type beat|mati|gama records|gamvrec|ditto|ditto br|froid|qualy|luccas carlos|lucas carlos|caslu|neblina|rashid|projota|vitao|kweller|#acelera|#ligacao|#ligação|Usjm3PvcXVU,182,pt-PT,40628663,773558,2015-04-22T23:13:55Z
kCjJU9sz7nY,UCoqCOvZxkz2HMOC6vXkXBAQ,10,Carol & Vitoria - Jura Juradinho (Clipe Oficial),Carol & Vitoria; Carol & Vitoria Marcilio|Carol e Vitoria|Carol e Vitoria Marcilio|Carol Marcilio|Vitoria Marcilio|Cover|jura juradinho|mais que um verão numa dessas voltas|lançamento|novo clipe|pop|2018,240,pt-PT,114854787,2141884,2018-08-31T21:00:05Z
3yTwzx4SUOY,UCUfoZwtE_cT4rcWpPGPt0YA,10,Nicolas Germano - Simples e Romântico (Clipe Oficial),nicolas germano|música nova|musica nova|nicolasgermano|simples e romantico|simples e romântico|simples romantico|nicolas germano clipe|clipe nicolas germano|clipe oficial nicolas|nicolas germano 2017|nicolas musica nova|nicolas germano musica nova|jenner melo|pop|acustico|voz e violao|eu sou simples e romantico|eu nao falo eu canto|kell smith|ana e vitória|Um44k|1kilo|Nicolas Germano|Nicolas Germano Aham|nicolasgermano aham|nicolas germano - aham,232,pt-PT,104548280,2075271,2017-10-18T21:00:00Z
tnzybViYYHw,UCffDXn7ycAzwL2LDlbyWOTw,10,MC G15 - Cara Bacana (KondZilla),Funk|Música de Funk|Musica de Funk|KondZilla|Kond|Musica|Música|musicas|músicas|mc|mcs|funks|funk2019|funks2019|músicas de funk|musicas de funk|terremoto|funk carioca|MC G15|cara bacana|MC G15 - Cara Bacana,243,pt-PT,296080188,2526767,2017-06-08T22:00:03Z
g7fH6thcB24,UCNUQK9mQoqi4yNXw2_Rj6SA,10,"MC Pedrinho e MC Davi - Bonita, Lindinha e Sagaz (Video Clipe) Jorgin Deejhay",gr6|explode|music|filmes|mc pedrinho|mc davi|Bonita|lindinha|sagaz,258,pt-PT,228605976,1557615,2017-12-06T20:59:26Z
_8z_BpaZBiA,UCwMBkh50HaSW1Jg88WINFFQ,10,MC Kekel e MC Rita - Amor de Verdade (SERA REMIX),,194,fr,15411898,152220,2020-08-16T14:10:23Z
0WruzOrUF5Y,UCuSargZazuHgL_ob-M9ckHQ,10,MC Livinho e MC Pedrinho - Tchau e Bença (Videoclipe Oficial),mc livinho|canal oficial|livinho,202,pt,26791363,406723,2020-09-01T00:30:09Z
Gx9xqXlU9gE,UCuSargZazuHgL_ob-M9ckHQ,10,MC Livinho - Hoje Eu Vou Parar na Gaiola (Videoclipe Oficial) ft. Rennan da Penha,mc livinho|canal oficial|livinho,211,pt,19213711,165570,2020-09-07T20:30:08Z
sX5R9yC27Bk,UC9OMsuaqvGdF0MtK3gYYNkA,10,MC Paiva - Fala na Cara (Love Funk) DJ AK Beats,funk|love funk|mc|funk 2022|love funk 2022|love funk oficial|funk 2023|música de funk|musicas funk|música funk|Love funk|mc paiva|paiva|mc paiva fala na cara|fala na cara|dj ak beats|paiva fala na cara|MC Paiva - Fala na Cara (Love Funk) DJ AK Beats|paiva fala na cara nao sente saudade|Fala na cara não sente saudade|fala na cara paiva,175,pt-PT,144210179,482069,2023-10-11T15:07:01Z
Vj5-IfGurNc,UCNUQK9mQoqi4yNXw2_Rj6SA,10,Gaab e MC Hariel - Tem Café (GR6 Filmes),gr6|explode|music|filmes|gaab|hariel|tem cafe|mas prefiro um cha|lei do retorno|avisa la|mexe ai baby|mc livinho|bricio|tempo perdido|pequenos gestos,300,pt-PT,296970675,2478277,2017-08-26T17:00:03Z
VF97zz_5oCc,UCP0TWIE6oz5raG3FB8tTDmw,10,BIN - Saturno (prod. Ajaxx),BIN|BIN album|BIN CD|BIN EP|BIN Marilia Mendonça|BIN mira laser|bin quase uma semana|l7nnon|bin l7nnon|bin borges|orochi|mainstreet|amor de fim de noite|balão|matue|maquina do tempo|Matue album|Matue cd|777666|Matue 777666|borges|daddy|nbc daddy|NGC|meno tody|BIN musica|BIN para todas as mulheres que eu ja rimei|para todas as mulheres que eu já rimei|album do bin|cd do bin|poesia acustica|pineapple|favela vive|poesia 9|poesia acustica 9,194,pt-PT,173264977,1864891,2020-12-10T15:00:10Z
WRxwtV_x8nM,UCEG8dlhJ5tZxUavejx_VnDQ,10,"Ari Acústico - A Droga do Amor ( part. Dom R, Play, Duvale e Tiankris)",ari|cone crew|droga do amor|ari a droga do amor|a droga do amor|ari acustico|conecrew|cone crew diretoria|ari cone crew|acustico|do amor|musicas romanticas|ed sheeran|hoje eu vou te levar pro melhor lugar|hoje eu vou te levar|a droga|do|amor|oriente|rap acustico|chypher|ari violao|ari da cone crew|conecrewdiretoria|bonde da madrugada|quem me dera|pop nacional|sofia|mariana nolasco|costa gold|quem me dera eu te encontrar,243,pt-PT,95972359,927887,2016-03-19T09:32:24Z
kszkoFI84JU,UCofPAZLioCSFu3-CPxnn2Pg,10,Pollo - Vagalumes (part. Ivo Mozart) - Clipe Oficial,Pollo|Ivo Mozart|Vagalumes|clipe|Piritubacity|Pirituba City|Mocinho do cinema|Pexera Produções|Paul Dominos|as quatro|lovesong|cg|caramelo|tirando onda|Frango|Toiço|Chevy|ITunes|brazilian pop music|bpop|vagalume,171,pt-PT,267353679,2827246,2012-08-02T22:26:52Z
ig-fyQqf510,UCZU9T1ceaOgwfLRq7OKFU4Q,10,Runaway - Linkin Park (Hybrid Theory),Linkin Park|Runaway|Linkin Park (Musical Group)|Mike Shinoda|Chester Bennington|Rob Bourdon|Joe Hahn|Mr. Hahn|Phoenix|Dave Farrell|Brad Delson|Alternative|Rock|Machine Shop|Hybrid Theory|Hybrid|Theory|Hybrid Theory (Award-Winning Work),184,en,29437466,186588,2015-03-27T18:26:49Z
RvnkAtWcKYg,UCc7_woMAIVIW2mAr1rPCsFQ,10,Paramore: Decode [OFFICIAL VIDEO],paramore|twilight|fueled by ramen|new moon|decode|eclipse|breaking dawn|yt:crop=16:9|soundtrack|movie|official|music|video|fbr|hayley williams|shane drake|Twilight (Adapted Work)|Pop Music (Musical Genre)|Alternative Rock (Musical Genre)|Edward|Bella|Warner Music Group|WMG|Moon|Twilight (Film),254,en,598026488,2996982,2008-10-31T17:38:41Z
5FrhtahQiRc,UC2t5bjwHdUX4vM2g8TRDq5g,20,Heavy Is The Crown ft. Linkin Park (Official Music Video) | League of Legends Worlds 2024 Anthem,Riot Games|Riot|League of Legends|League|LoL|MOBA|league of legends|league|lol|lol esports|league esports|leagues of legends esports|worlds|worlds24|worlds 2024|make them believe|worlds teams 2024|worlds results|when is worlds|worlds videos|worlds berlin|worlds paris|worlds london|worlds anthem|worlds music video|music video|linkin park|emily armstrong|mike shinoda|heavy is the crown|faker|zeus|oner|gumayusi|keria|massu|chovy|caps|brance|anthem|music,226,en,96321952,1326426,2024-09-24T14:55:24Z
RUi54JTgL5s,UCKI33Zd-b17rDIcPSv9E_-w,10,Simple Plan - Perfect (Official Video) [HD],Simple Plan|Perfect|Rock|Warner Music|Atlantic Records|Official|Music Video|Simple Plan - Perfect (Official Video)|Perfect (Official Video)|Simple Plan - Perfect|simple plan perfect|perfect music video|music video|official video|perfect - simple plan|simple plan perfect video|perfect simple plan|no pads no helmets just balls simple plan|simple plan no pads no helmets just balls album|perfect simple plan lyrics|alternative rock|perfect official music video,275,en,286571734,1594473,2009-10-27T02:48:34Z
Pw-0pbY9JeU,UCBQZwaNPFfJ1gZ1fLZpAEGw,10,twenty one pilots - Ride (Official Video),twenty one pilots|blurryface|ride|blurry face|Fueled By Ramen|21 pilots|twentyone pilots|fueledbyramen|twenty one pilots ride|ride twenty one pilots|top ride|ride top|skeleton clique|I’m falling so I’m taking my time on my ride|oh I’m falling so I’m taking my time on my ride|I’ve been thinking too much|I’ve been thinking too much help me|twenty one pilots ride official video|top ride official|musica de twenty one pilots,226,en,1643852187,11841810,2015-05-13T22:00:26Z
Tm8LGxTLtQk,UCZU9T1ceaOgwfLRq7OKFU4Q,10,One More Light [Official Music Video] - Linkin Park,linkin park|one more light|chester|one more light linkin park|linkin park one more light|who cares if one more light goes out|one more light linkin park lyrics|one light|one more night|linkin park last song|chester bennington|linkin park songs|lincoln park|likining park|linkin park albums|linkin park hits|linkin park music video|linkin park youtube|warner records,271,en,333497718,3143567,2017-09-18T15:00:08Z
vx2u5uUu3DE,UCwlTofOAY79PS_GhmborAdA,10,Bon Jovi - It's My Life (Official Music Video),BON JOVI|BON JOVI IT’S MY LIFE|IT’S MY LIFE|IT’S MY LIFE BON JOVI|IT’S MY LIFE remastered|IT’S MY LIFE remastered video|IT’S MY LIFE official music video|BON JOVI remastered|BON JOVI remastered videos|#remastered|hd music videos|remastered music videos|BON JOVI ITS MY LIFE|ITS MY LIFE|ITS MY LIFE BON JOVI|ITS MY LIFE remastered|ITS MY LIFE remastered video|ITS MY LIFE official music video|ボン・ジョヴィ|조비|邦喬飛|邦乔维,267,en,1572120266,8282694,2009-06-17T00:55:22Z
ysSxxIqKNN0,UCZU9T1ceaOgwfLRq7OKFU4Q,10,New Divide (Official Music Video) [4K Upgrade] - Linkin Park,linkin park|new divide|new divide ep|linkin park transformers|new devide|new divine|transformers song|chester bennington|linkin park songs|lincoln park|likining park|linkin park albums|linkin park hits|linkin park music video|linkin park youtube|warner records,269,en,689209516,3154961,2009-06-15T17:01:53Z
Gd9OhYroLN0,UCZU9T1ceaOgwfLRq7OKFU4Q,10,Crawling [Official HD Music Video] - Linkin Park,linkin park|crawling|crawling in my skin|linkin park crawling|crawling linkin park|crowling|linkin park - crawling|lincoln park crawling|linkin park hybrid theory|chester bennington|linkin park songs|lincoln park|likining park|linkin park albums|linkin park hits|linkin park music video|linkin park youtube|warner records,217,en,471268573,2825369,2009-10-24T01:01:52Z
8sgycukafqQ,UCZU9T1ceaOgwfLRq7OKFU4Q,10,What I've Done (Official Music Video) [4K Upgrade] - Linkin Park,linkin park|what i've done|linkin park what i've done|what ive done|what i have done|what i've done linkin park|linkin park transformers|what have i done|transformers song|minutes to midnight|chester bennington|linkin park songs|lincoln park|likining park|linkin park albums|linkin park hits|linkin park music video|linkin park youtube|warner records|michael bay,208,en,777873078,4569794,2007-04-03T21:06:19Z
sJIncdG2RAc,UC_eBg6o7KnGs23t6p3T9YAg,24,MINHA ROTINA no DOMINGO DE ESTUDOS #studyvlog #study  #estudos,ipad|studytok|studyvlog|estudos|medicina|vestibulando|um dia inteiro comigo|study vlog|vestibulanda de medicina|domingo de estudos|rotina de estudos|rotina domingo de estudos,92,pt-PT,46446,4034,2025-09-13T23:01:01Z
ooOlZSga69Q,UCsBSZta1lhK7fziBdoY_W6g,22,Não faz mal,,241,pt-PT,805540,6793,2020-03-16T22:28:46Z
JEwd0Vlqapo,UCXBJ_Ef8qfYrwN5cY8W7ziA,27,FÁCIL e RÁPIDO | VARIÂNCIA e DESVIO PADRÃO,Variância e desvio padrão|variancia e desvio padrao|Estatística|Estatistica|Como calcular variancia|Como calcular desvio padrao|Média moda e mediana|Mediana|Aula de variancia e desvio padrao|Sandro curio|Dicas de mat,269,pt-PT,1740224,103597,2021-02-01T12:25:59Z
8xOm-HKgljQ,UCXBJ_Ef8qfYrwN5cY8W7ziA,27,RÁPIDO e FÁCIL | RETAS PARALELAS CORTADAS POR TRANSVERSAIS,Dicas de mat|Matematica|Sandro curio|Retas paralelas cortadas por uma transversal|Retas paralelas cortadas por transversais|retas paralelas cortadas por transversais exercicios|Enem|Bncc|Concurso PMERJ|Vestibular|Enem Matematica|Retas paralelas cortadas por transversais 8 ano|9 ano|9º ano,632,pt-PT,672726,34638,2023-06-25T17:53:59Z
DRsw1IeQITI,UCw0leRmeaX7R_9BDd3TvCzg,27,3 Formas de Compartilhar Dashboards no Power BI,Formas de compartilhar dashboards|Formas de compartilhar dashboards no power bi|Compartilhar dashboards|Compartilhar dashboards no power bi|Como compartilhar dashboards|Compartilhar dashboards power bi|Conta no power bi|Power bi online|Compartilhar dashboard por imagem|Compartilhar dashboard com link público|Compartilhar dashboard com link privado|Inserir dashboard no powerpoint|Como publicar relatório|Power BI|PBI|hashtagtreinamentos|hashtag treinamentos,1344,pt-PT,128430,4665,2023-02-15T20:00:04Z
R1pi2kLDBqs,UCIY13ZNtoaZZdBdRmy9XIdg,10,Poesia Acústica #6 Era uma Vez,Pineapple StormTv|MC Cabelinho|Bob do Contra|Azzy|Filipe Ret|Dudu|Xamã|Orochi|Maquiny|Salve Malak|Mc Cabelinho|Poesia Acústica #6 Era uma Vez,578,pt-PT,20924183,120077,2024-06-06T10:01:57Z
IVcVsna12O0,UCyHOBY6IDZF9zOKJPou2Rgg,28,Seu cérebro no ChatGPT,Lucas Montano|LucasMontano|Lucas Montana|Montano,1007,pt,33306,1685,2025-06-26T14:30:23Z
r1RpdFTYh5o,UCY2JbItcod5aclsDCrgdo6g,22,ORGANIZANDO MEU MATERIAL PARA A FACULDADE 2025 * CONTEI TUDO!,,1055,pt,158956,5766,2025-03-07T21:46:21Z
mPB0JNlJMuU,UC_eBg6o7KnGs23t6p3T9YAg,24,MINHA ROTINA DE ESTUDOS 100% real - STUDY VLOG,MINHA ROTINA DE ESTUDOS - Study Vlog|rotina de estudos|study vlog|manuzinha star|study vlog manuzinha star|minha rotina|routine|estudos|study|vlog|100% real|como eu estudo|provas|estudo para as provas|rotina de provas|meus estudos|rotina|study vlog 2025,1918,pt-PT,135725,4543,2025-08-13T14:45:07Z
LVta8opBCWU,UCoKv7o7GFD188FcTbhsx15w,27,POPULAÇÃO E AMOSTRA ✅ INTRODUÇÃO À ESTATÍSTICA,população e amostra|população|estatística|amostra|O que é população e amostra exemplos?|população e amostra exercicios|O que é uma população em Estatística?|amostra estatística|população estatistica|população estatística e amostra|amostra e população estatistica|estatistica amostra exemplos|estatistica descritiva população e amostra|população e amostra exercicios resolvidos|população e amostra estatistica exemplos|amostra e população|amostra e população exercicios,215,pt-PT,201748,9039,2019-09-23T09:29:12Z
lY2yjAdbvdQ,UC4-TgOSMJHn-LtY4zCzbQhw,10,Shawn Mendes - Treat You Better,Shawn Mendes|Treat You Better|Know What You Did Last Summer|Stitches|shawn mendes mercy|shawn mendes treat you better lyrics|shawn mendes stitches|shawn mendes lyrics|treat you better shawn mendes lyrics|treat you better lyrics|treat you better karaoke|treat you better live|treat you better shawn mendes|Tratá-lo melhor|Tratá-lo melhor Shawn Mendes|한글자막|日本語字幕|subtítulos en español|Türkçe Altyazılı|Phụ đề tiếng Việt|ショーン・メンデス|멘데스|尚恩曼德斯|肖恩门德斯,257,en,2673878989,12257815,2016-07-12T17:00:05Z
FN9dTLCCrWM,UCafFexaRoRylOKdzGBU6Pgg,27,Aprenda a Criar um Trigger - O Fiscal do SQL,Aprenda a criar um trigger|Criar trigger|Criação de trigger|Criação de trigger no SQL|Recurso do SQL|O fiscal do SQL|Trigger no SQL|Como criar trigger no SQL|Como criar um trigger no SQL|Aprenda a criar um trigger no SQL|Trigger|Oracle Database|Oracle SQL Developer|Criação de um gatilho|Criação de um gatilho no SQL|Criando um trigger|Criando um trigger no SQL|Criando um gatilho|Criando um gatilho no SQL|SQL|hashtagprogramação|hashtag programação,1398,pt-PT,29220,1806,2022-08-23T20:00:05Z
zxPG-fCyVFU,UCRzgdJSfc5RLJKrrJR06GAg,28,DevOps para Iniciantes | Crie seu primeiro pipeline CI/CD do Zero,,1819,pt-PT,11972,767,2024-04-19T15:00:55Z
Z84HYnPf2TA,UCbWFEr7zsKJ92Psrfam7W8Q,28,BANCO DE DADOS na NUVEM em 100 segundos,deploy|100 segundos|subindo banco de dados na nuvem|banco de dados|database|database na nuvem|database in cloud|subir db na nuvem|db na nuvem|db cloud|railway|mysql na nuvem|sql na nuvem|deploy de sql|subir banco mysql|subir banco sql|subir db mysql|db mysql|db sql|banco relacional,115,pt-PT,41037,1394,2022-05-16T15:00:16Z
x_H2GgqjCZI,UCtsVf511Jq1nMQ8r0-u84BQ,28,Aprenda APIs em 10 Minutos: Guia Rápido com Exemplos Práticos para Iniciantes,Aprender APIs|Consumir APIs|APIs para iniciantes|Exemplos práticos de APIs|Como usar APIs|Python API|RESTful API|Tutorial de API|Curso rápido de API|Insomnia|Postman,555,pt-BR,148849,12874,2024-04-23T15:04:18Z
GFutDwKndm8,UCY2JbItcod5aclsDCrgdo6g,22,50 HORAS NA DISNEY DO JAPÃO! TUDO MUITO INCRÍVEL,,2774,pt,271190,3056,2024-06-13T21:08:03Z
S7DJNoY4-jA,UCY2JbItcod5aclsDCrgdo6g,22,1 HORA DE VIDEO NO JAPÃO * MOSTREI TUDO NA REAL!,,3109,pt,233076,2562,2024-07-10T22:00:15Z
OS1c1INya7Y,UCY2JbItcod5aclsDCrgdo6g,22,48 HORAS PARA CHEGAR EM OUTRO PAÍS * CONSEGUIMOS?,,1930,pt,364733,5940,2024-05-28T22:04:34Z
R0aHFMgKb34,UCVVksn-TMGmkwvirl_neMWw,20,QUANDO VOCÊ FAZ 18 ANOS,,60,pt-PT,4060118,370835,2025-07-02T21:44:40Z
yZfYx5aMTnU,UC_eBg6o7KnGs23t6p3T9YAg,24,ACERTE QUAL É O FILME PELO OBJETO!! TRETA no desafio..,manuzinha star|responder certo|responder certo ganha|tente não ser lerdo|diario da carol|carol teixeira|lari freitas|mundo da lari|família diario da carol|treta|amigas|quem acertar mais ganha|filme pelo objeto|acerte o filme,1637,pt-PT,314618,5500,2025-03-08T15:15:05Z
AtecKE6u3rw,UCYFbYwszT1NQ4IND2baIOTw,24,ACERTE O NOME DO PERSONAGEM!! ELA ERROU TUDO 😂,Mundo da Lari|Lari Freitas|Larissa Freitas|desafio|quem é o personagem?|acerte o personagem|disney|Diário da Carol|Manuzinha Star,1406,pt-PT,261797,5294,2024-11-26T15:30:02Z
UuMPY7hLaE0,UCYFbYwszT1NQ4IND2baIOTw,24,DESAFIO DO STOP COM AS YOUTUBERS!! ELA ERROU TUDO 😂,Mundo da Lari|Lari Freitas|Larissa Freitas|Desafio|Stop|Desafio do Stop|Manuzinha Star|Diário da Carol,1089,pt-PT,280016,6270,2024-11-23T15:30:07Z
6exPVTrzDSg,UCY2JbItcod5aclsDCrgdo6g,22,QUEM RESPONDER CERTO GANHA * QUIZ de MATERIAL ESCOLAR,,1252,pt,508016,8316,2024-12-02T21:33:59Z
bY6l82BL1-c,UC_eBg6o7KnGs23t6p3T9YAg,24,COMO FOI A PRIMEIRA SEMANA DE AULA NO 3º Ano do ENSINO MÉDIO - Manuzinha Star,volta as aulas|papelaria|material escolar|manuzinha star|primeira semana de aula|1 semana de aula|estudos|study|study vlog|volta as aulas 2024|minha primeira semana de aula 2024|1 semana de aula 2024|COMO FOI A PRIMEIRA SEMANA DE AULA NO 3º Ano do ENSINO MÉDIO - Manuzinha Star|minha primeira semana de aula no 3º ano ensino médio - manuzinha star|terceirão|turma de medicina|terceirão medicina|terceiro ano|3º ano ensino médio,1542,pt-PT,90828,2684,2024-02-27T14:30:20Z
J8dGAmSLO58,UC_eBg6o7KnGs23t6p3T9YAg,24,MINHA ROTINA DE ESTUDOS 100% real - STUDY VLOG 2023,manuzinhastarhifhoiehgo4634365473749849belparameninas|MINHA ROTINA DE ESTUDOS - Study Vlog|rotina de estudos|study vlog|manuzinha star|study vlog manuzinha star|minha rotina|routine|estudos|study|vlog|100% real|como eu estudo|provas|estudo para as provas|rotina de provas|meus estudos|rotina,1093,pt-PT,207975,5970,2023-03-22T22:00:12Z
K0dWLVSbI9s,UC-pGIyfjomS671lu4VRvRcg,24,MINHA ROTINA DE ESTUDOS | Study Vlog - Luiza Vinco,luiza|vinco|luiza vinco|escola|school|ensino médio|rotina de estudos|provas|semana de provas,965,pt-PT,37237,1561,2024-08-30T21:00:06Z
s8md1baMD7M,UC_eBg6o7KnGs23t6p3T9YAg,24,MINHA AMIGA REAGINDO AO MEU MATERIAL ESCOLAR NO MEIO DO ANO - Manuzinha Star,manuzinhastarhifhoiehgo4634365473749849belparameninas|reagindo ao meu material escolar|meio do ano|material escolar|material escolar no meio do ano|manuzinha star|diario da carol|diário da carol|carol teixeira|manuzinha estar|minha amiga|amiga|react|reagindo|meu material escolar|minha amiga reagindo|reagindo ao que sobrou do meu material escolar|material escolar 2025,1851,pt-PT,275777,5353,2025-06-16T14:30:40Z
uQ7H7P9ErDY,UC_eBg6o7KnGs23t6p3T9YAg,24,MINHA ROTINA DE ESTUDOS 100% real - STUDY VLOG 2025,manuzinhastarhifhoiehgo4634365473749849belparameninas|MINHA ROTINA DE ESTUDOS - Study Vlog|rotina de estudos|study vlog|manuzinha star|study vlog manuzinha star|minha rotina|routine|estudos|study|vlog|100% real|como eu estudo|provas|estudo para as provas|rotina de provas|meus estudos|rotina,1831,pt-PT,182127,6370,2025-03-05T14:30:35Z
YIvhGBHjfEo,UC_eBg6o7KnGs23t6p3T9YAg,24,MINHA ROTINA DE ESTUDOS 100% REAL - como eu fui na prova..,manuzinhastarhifhoiehgo4634365473749849belparameninas|MINHA ROTINA DE ESTUDOS - Study Vlog|rotina de estudos|study vlog|manuzinha star|study vlog manuzinha star|minha rotina|routine|estudos|study|vlog|100% real|como eu estudo|provas|estudo para as provas|rotina de provas|meus estudos|rotina,1507,pt-PT,94547,3508,2025-06-17T22:00:40Z
XmK_x1jfH0I,UCnYSvEmIdcFqJ0nGkNKW5Jw,24,Nascimento do meu bebê reborn 👶 (Contém humor) #cake,,40,pt-PT,9292655,244088,2025-05-20T22:32:25Z
5tEUaXxQA2o,UCw0leRmeaX7R_9BDd3TvCzg,27,Gráfico SCROLLER - Criando uma BARRA de INDICADORES ANIMADA (Power BI),,2297,pt-PT,99526,3569,2020-03-08T16:00:00Z
4ySrz0QcXO4,UCYrMjbAvq6_jj_3HgvliAaA,22,Como criar um Layout PROFISSIONAL para o seu Dashboard no Power BI com figma,,1650,pt-PT,129038,5040,2023-05-12T15:06:19Z
OnzIUGHl9no,UCJnKVGmXRXrH49Tvrx5X0Sw,28,Instalando e configurando o PROMETHEUS no Ubuntu e CentOS! | Série Monitoração #3,linux|monitoraçao|monitoração|monitoring|prometheus|linux tips|linuxtips|jeferson|docker|monitorar|tutorial|vaiiii|exporter|metricas|metrics|centos|ubuntu|debian|red hat|slackware|coreos|container|docker container|docker tutorial|o que e container|docker compose tutorial|containers|docker images|docker swarm|docker hub|dockerfile|kubernetes|what is docker container|docker machine|docker iniciante|curso de docker|what is docker|instalando o docker|linux docker,1120,pt-PT,33624,3633,2018-01-06T22:02:40Z
9xlTLjl6YIw,UCxM4OQ8CFhSmbMIaimIQbwA,22,"Um dia da minha vida em Harvard!! Aulas, professores, bibliotecas, e mais!",,929,pt-PT,32514,2166,2023-02-17T03:44:03Z
t9n4YhMdJgg,UCXicAYN7ZovOeynkxfLBUTQ,22,5AM to 11PM harvard first day back from spring break vlog (productive + fun) 🍵🎀,vlog|day in my life|productivity|productive|productive day|study|study motivation|study with me|harvard|college|college life,902,en,92477,2962,2025-03-28T19:30:05Z
w3ac5gbqv6E,UCviw55Lf3v1zEemMlCu6OfQ,22,"se acalma, sério",ler|livros|poesia ansiosa|podcast|leitura|books|reads|calm down|ansiedade|overthinker,775,pt-PT,667206,84953,2023-08-30T14:58:02Z
MqYimWPP0JU,UC0DI0TPuTa8Nm9oz5GBEOGQ,28,o que eu PRECISEI SABER no meu PRIMEIRO EMPREGO como PROGRAMADORA!,,1416,pt-PT,32500,3109,2025-03-27T21:30:05Z
4dTI1mVLX3I,UCFuIUoyHB12qpYa8Jpxoxow,28,MongoDB (O Banco de Dados NoSQL mais Legal) // Dicionário do Programador,CDFTV|CDF|Nerd|Geek|Código Fonte|Programador|Desenvolvedor|Linguagem de Programação|Web Developer|Coder|Developer|Informática|Youtuber|Gabriel Fróes|Vanessa Weber|TI|YoutubeBrasil|MongoDB|NoSQL|Bancos Não Relacionais|SQL|Databases|Banco de Dados,592,pt,103328,9504,2021-01-18T13:45:00Z
rgeQH-lIabQ,UC_eBg6o7KnGs23t6p3T9YAg,24,MINHA ROTINA DE ESTUDOS 100% real - STUDY VLOG 2022,manuzinhastarhifhoiehgo4634365473749849belparameninas|MINHA ROTINA DE ESTUDOS - Study Vlog|rotina de estudos|study vlog|manuzinha star|study vlog manuzinha star|minha rotina|routine|estudos|study|vlog|100% real|como eu estudo|provas|estudo para as provas|rotina de provas|meus estudos|rotina,1285,pt-PT,291544,8748,2022-03-24T22:00:19Z
TOyDZVRPtJU,UC_eBg6o7KnGs23t6p3T9YAg,24,MINHA AMIGA REAGINDO AO QUE SOBROU DO MEU MATERIAL ESCOLAR NO FINAL DO ANO 2022,reagindo ao meu material escolar|material escolar|material escolar 2022|manuzinha star|diario da carol|diário da carol|carol teixeira|manuzinha estar|minha amiga|amiga|react|reagindo|meu material escolar 2022|reagindo ao material escolar 2022 da minha amiga Carol|meu material escolar|meu material escolar no final do ano|final do ano|material escolar no final do ano|minha amiga reagindo|reagindo ao que sobrou do meu material escolar,1050,pt-PT,626328,12132,2022-11-08T22:00:21Z
-zekPzycnFI,UCFk6v5VFTO8vUUK8og2eotg,24,As MENINAS de 11 anos na SEPHORA🤡,,57,pt-PT,25203737,1614799,2024-02-20T23:03:07Z
Yw6cHQoV_pE,UCn0uDrJXlLmsoABxwYQoJMA,24,Quem aí gosta de açaí? ​⁠@marcotuliodavi  #shorts,,46,pt-PT,23890188,1298127,2024-12-09T23:04:15Z
RxjYCghpvyI,UCh4beckG3kngmza18rt-F4g,23,Quando eu jogava Just Dance 😂 #LISAxNewWoman #NewWomanChallenge #Publi,,19,pt-PT,19681421,1018896,2024-08-28T20:00:10Z
z0sOVOM5yeM,UCUcBqH2Qqlsz32NqibER2yQ,23,POV: você mora na Suíça e foi visitar os primos cariocas no inverno de 23°C,receitas|tiktok|receitas do tiktok|jess|compilado|compilado tiktok|ninho|bis|nutella|oreo|pé de moleque|joão|comedia|oberlaender|oberlaenderjoao|joaooberlaender|comedia de casal|casal|dançinha|dança|dance|funny|engraçado,11,pt-PT,20857925,1073090,2024-10-22T21:00:48Z
5icIBkHMLAM,UChn9XYS3yhFG3udUFu9Abag,22,o que custa arrumar tempo pra um cineminha né? #shorts #valorant #sofiaespanha,,20,pt-PT,3326066,429700,2025-02-10T17:42:17Z
RE5w8a8p_3s,UCVVksn-TMGmkwvirl_neMWw,24,A CHARADA MAIS DIFÍCIL DO MUNDO,natu|jooj|baby|humor|piada|engraçada|charada|dificil|do|mundo|mais|engraçado|6 vezes no dia|1 vez no ano|acontece,16,pt-PT,15204679,1022343,2023-05-02T22:28:03Z
J0O4hkzUUI0,UCFk6v5VFTO8vUUK8og2eotg,24,No começo da FACULDADE x No final da FACULDADE 🤡,,20,pt-PT,10921514,823764,2024-06-10T21:28:22Z
LHSvtnK3asU,UCh4beckG3kngmza18rt-F4g,23,AS MENINAS DE 16 ANOS NOS FILMES TEEN,,29,pt-PT,19676791,1402585,2022-11-14T21:00:10Z
woObL4Mx9ns,UCd8_GwocCAx0aIi9gwWA0rQ,27,"Análise Exploratória de Dados em Python: pandas, Google Colab, gráficos com matplotlib e seaborn",,1855,pt-PT,8497,540,2023-10-09T13:29:59Z
h2ZAMRcdWk0,UC_eBg6o7KnGs23t6p3T9YAg,24,MEU PRIMEIRO DIA DE AULA 2025 - CURSO DE MEDICINA!!,manuzinhastarhifhoiehgo4634365473749849belparameninas|ROTINA DO MEU PRIMEIRO DIA DE AULA NA ESCOLA - 100% REAL|rotina|rotina do meu primeiro dia de aula|primeiro dia de aula|1 dia de aula|1º dia de aula|volta as aulas|volta às aulas|arrume-se comigo para escola|aula|escola|rotina de volta as aulas|meu primeiro dia de aula 2025 - rotina de volta as aulas!!|meu primeiro dia de aula 2025|2025|medicina|pre vestibular|vestibular medicina|vestibular,1183,pt-PT,206665,6824,2025-02-12T14:30:30Z
an54pc9BW4I,UC0BiVs5EYh57gzGVvhddjsA,22,Introdução ao Pandas (curso Python para Machine Learning - Aula 12),pandas python,979,pt-PT,52883,2040,2019-05-29T20:31:39Z
MdK-wXS0rQI,UCi317Q_IZEdfGiguZF-aw7Q,27,Desapareça e organize sua vida inteira (evolua sozinha),Como criar metas?|Como ficar em segredo?|Como ter uma rotina produtiva|Como ter um 2025 de sucesso?|Modo caverna|Modo foco|Como me tornar irreconhecível?|How to brain works?|Good habits|Productivity|Como focar em mim|Como ter constância|Como planejar 2025|Como organizar a vida|How to organize life,717,pt-PT,103651,9349,2025-01-24T15:30:08Z
ntDF4mvnbuk,UCTvR8q5-IxGu8pSWCi7Owqg,10,"Treat You Better - Shawn Mendes (Lyrics) | Charlie Puth, ZAYN, Justin Bieber,...",Shawn Mendes|Treat You Better|Treat You Better lyrics|lyrics Treat You Better|Shawn Mendes Treat You Better|Shawn Mendes Treat You Better lyrics|Shawn Mendes lyrics Treat You Better|Treat You Better Shawn Mendes|Treat You Better Shawn Mendes lyrics|Treat You Better lyrics Shawn Mendes,787,en,4881749,18705,2023-02-14T07:00:29Z
S9uPNppGsGo,UCrWvhVmt0Qac3HgsjQK62FQ,27,Curso Python #01 - Seja um Programador,Curso de Python|Curso de Programação para Iniciantes|Curso de Programação em Python|Gustavo Guanabara,1747,pt,9677701,509853,2017-04-03T14:00:03Z
kDr1CdPuVXo,UCCTHtVMXy9gQA8X_HOEJA2A,27,MATRIZES MATEMÁTICA #01,definicao de matriz|matrises|matriz|matris|matrizes|matematica matrizes|matematica matriz|o que é matriz|matriz linha coluna|construcao de matriz|construcao de matriz matematica|matriz linha e coluna|matriz ensino medio|matriz exercicios|matriz inversa|matriz matematica|matriz enem|matriz 3x3|matriz enem matemática|multiplicação de matrizes|matriz 2x2|MATRIZ DEFINICAO|representacao de uma matriz,1011,pt-PT,872722,67967,2022-03-02T18:30:54Z
aVQ_1srdzK4,UCDVaeMc16MXLuleGQircOiQ,22,Revolução Industrial - Toda Matéria,revolução industrial|produção industrial|Revolução Gloriosa|Lei dos Cercamentos|James Hargreaves|máquina de fiar|Richard Arkwright|tear hidráulico|James Watt|motor a vapor|Edmund Cartwright|tear mecânico|ludismo|Ned Ludd|movimento cartista|trade unions,631,pt-PT,966275,41764,2020-11-04T15:44:40Z
t6nJNv-pNr8,UCx7HKmnCIIbRBF2FjAoV0bg,22,Resumo de História: Revolução Industrial (Débora Aladim),,809,pt-PT,3001480,190996,2015-07-25T00:23:54Z
ykP640XEjSQ,UCKT1WQMU1VcGbSua2K8x8XQ,10,Swim,Chase Atlantic|Swim,229,en,201339727,2012582,2017-10-06T01:54:05Z
bD6ifecX6rs,UCqrFwa5vueOTzGZ7NSlnvlQ,10,Poesia Acústica #2 - Sobre Nós - Delacruz I Maria I Ducon I Luiz Lins I Diomedes I Bk' I Kayuá,rap|nacional|pineapple|brainstorm|poesia|poesia acustica 2|poetas no topo|perfil acustico|rap acustico|playlist rap|playlist rap acustico|rap nacional 2018|rap nacional|caixa de beats|delacruz|maria|ducon|luiz lins|diomedes|diomedes chinaski|bk|kayua,482,pt-PT,900671155,5133544,2017-08-12T23:39:54Z
TQ5DUv_ZwRg,UC4MBNNxjyabOfYxKC1whveg,10,"Acústico 1Kilo - Deixe-me Ir (Baviera, Knust e Pablo Martins)",1kilo|acustico|acustico 1kilo|deixe me ir|knust|pelé|milflows|santa hell|pablo martins|baviera|poucos vao entender|tank family|tanque|hariel medella|hariel|medella,228,pt-PT,785952205,5791120,2017-03-16T02:48:42Z
HR4ZxjGQGYY,UCL64gn1KZ1C-u87BGQv3b6w,10,Jorge & Mateus - Duas Metades - [DVD Ao Vivo em Jurerê] - (Clipe Oficial),Os Anjos Cantam|Seu Astral|31/12|Tem que Sorrir|Frio da Madrugada|Duas Metades|Vou Voando|Dói|É Simples Assim|5 Regras|Então Valeu|Molhando o Volante|Como Sempre Feito Nunca|Terra Sem CEP|Troca|Propaganda|Louca de Saudade|Todo Seu|Sosseguei|Cheirosa|Som Livre|Sertanejo|O Melhor de Jorge & Mateus|Top Sertanejo|Paradigmas|Tijolão|Tudo em Paz|Tem Que Sorrir|Pergunta Boba|Você Vai Sentir Saudade|O Que é Que Tem|Pra Sempre com Você,232,pt-PT,208703287,940193,2014-02-17T12:20:09Z
SETK2maosQY,UCL64gn1KZ1C-u87BGQv3b6w,10,Jorge & Mateus - Seu Astral - [DVD Ao Vivo em Jurerê] - (Clipe Oficial),Os Anjos Cantam|Seu Astral|31/12|Tem que Sorrir|Frio da Madrugada|Duas Metades|Vou Voando|Dói|É Simples Assim|5 Regras|Então Valeu|Molhando o Volante|Como Sempre Feito Nunca|Terra Sem CEP|Troca|Propaganda|Louca de Saudade|Todo Seu|Sosseguei|Cheirosa|Som Livre|Sertanejo|O Melhor de Jorge & Mateus|Top Sertanejo|Paradigmas|Tijolão|Tudo em Paz|Tem Que Sorrir|Pergunta Boba|Você Vai Sentir Saudade|O Que é Que Tem|Pra Sempre com Você|Jorge & Mateus,206,pt-PT,106400711,501630,2014-02-17T12:33:26Z
SR6iYWJxHqs,UCoUM-UJ7rirJYP8CQ0EIaHA,10,Bruno Mars - Grenade (Official Music Video),bruno mars|grenade|bruno mars grenade|bruno grenade|doo-wops and hooligans|pop music|soul music|atlantic records|official music video|Bruno Mars - Grenade (Official Music Video)|bruno mars love songs|love songs|grenade music video|bruno grenade video|catch a grenade for ya|but you won't do the same|jump in front of a train for ya|bruno mars music video|R&B music,221,en,1253859264,6125550,2010-11-22T16:55:48Z
QJO3ROT-A4E,UCbW18JZRgko_mOGm5er8Yzg,10,One Direction - What Makes You Beautiful (Official Video),One Direction|OneDirectionvevo|vevo|official|video|music video|single|album|story of my life|pop|What Makes You Beautiful|Up All Night|teen pop|Drag Me Down|Perfect|Best Song Ever|Kiss You|Little Things|Gotta Be You|one direction beautiful|beautiful live|one direction remix|1d beautiful official video|1dbeautiful lyrics|one direction full album|one direction live|one direction official audio|night changes|Liam Payne|Louis Tomlinson,207,en,1686057443,12760275,2011-08-19T15:00:00Z
VbfpW0pbvaU,UC4-TgOSMJHn-LtY4zCzbQhw,10,Shawn Mendes - Stitches (Official Music Video),Shawn|Mendes|Stitches|(Official|Video)|Island|Records|Pop|한글자막|日本語字幕|subtítulos en español|Türkçe Altyazılı|Phụ đề tiếng Việt|Subtitles in Tagalog|Teks dalam Bahasa Indonesia|उपशीर्षक हिंदी में|Sarikata Dalam Bahasa Malaysia|คำบรรยายภาษาไทย|ショーン・メンデス|멘데스|尚恩曼德斯|肖恩门德斯,240,en,1696943450,11939779,2015-06-25T00:00:01Z
qTFMKWZ8FnA,UCBgYMaTBbXgaP5YsEDoShTg,27,Como Criar Menu com Links entre Planilhas de Modo Fácil e Bonito no Excel,menu de navegação no excel|menu de navegação excel|criar menus de navegação no excel|excel|menus de navegação excel|curso de excel|criação de menu no excel|como criar menu no excel|menu excel|aula de excel|como criar um menu de navegação no excel|curso de excel online|menu no excel|criação de menus e links de navegação entre planilhas no excel|menu de navegação|painel de navegação no excel|menu dinâmico excel|criar menu no excel|criação de links no excel,829,pt,27276,1150,2022-02-17T14:15:30Z
qFdoMMR-7fc,UCKT1WQMU1VcGbSua2K8x8XQ,10,Friends,Chase Atlantic|Nostalgia - EP|Friends,231,en,92940728,894455,2023-09-22T19:58:29Z
mjZEDiDhYQQ,UC7eUZ_xAhjoiVWqvzMAhpTA,10,Filhote do Filhote,Elenco Carrossel|Jean Pierre Garfunkel|Paulo Garfunkel|Carrossel (Especial Astros)|Filhote do Filhote,222,pt-PT,1254754,17012,2021-04-22T10:20:49Z
l6jbCVAWNYY,UCqKg6IkCsZe_sw7fxkxTVsg,10,"James Arthur ft. Anne-Marie - Rewrite The Stars (Lyrics) || Ed Sheeran, Shawn Mendes,... (Mix Lyric",Haveart|James Arthur ft. Anne-Marie|Rewrite The Stars|Rewrite The Stars lyrics|lyrics Rewrite The Stars|James Arthur ft. Anne-Marie Rewrite The Stars|James Arthur ft. Anne-Marie Rewrite The Stars lyrics|James Arthur ft. Anne-Marie lyrics Rewrite The Stars|Rewrite The Stars James Arthur ft. Anne-Marie|Rewrite The Stars James Arthur ft. Anne-Marie lyrics|Rewrite The Stars lyrics James Arthur ft. Anne-Marie|lyrics|tiktok|tiktok 2022|tiktok hits|tiktok viral,904,en,1090150,2166,2023-12-05T12:15:03Z
DgcW5cuGVSs,UCB_EyRXAhyX-96FUPzCuryQ,22,studyvlog - iniciação científica | bolsa | siicusp | estatística | apresentação | USP,,522,pt-PT,10373,1328,2024-11-01T02:30:39Z
uzSme3PRhZ0,UCjUOSfBPBQxjbWh1uqLvmdA,10,9. L7NNON - Perdição | HHR,,275,pt-PT,377509525,2227110,2019-08-22T14:59:25Z
69-jnA4QLSM,UCqrFwa5vueOTzGZ7NSlnvlQ,10,"Poesia Acústica #13 - Mc Cabelinho,Tz da Coronel,Oruam,L7NNON,Chefin,N.I.N.A, Chris,Xamã,Luisa Sonza",rap|nacional|pineapple|brainstorm|poetas|acustico|corrente|marcelo|d2|sain|bloco|quinto|cabelinho|l7nnon|lennon|tz da coronel|tz da coro|poesia 13|poesia acustica|poezia acustica|poesia acustica 13|NINA|N.I.N.A|luisa sonza|luisa sonza poesia|xama|xamã|xama poesia|chris|chefin|oruam|uriel calomeni|rap acustico|acustico poesia|l7|l7nnon poesia|cabelinho poesia,654,pt-PT,247927251,2194314,2022-09-20T16:00:11Z
8OOXdgS-FsM,UCDmvTRLnrAlxg9LjrKULppQ,27,Trabalho de uma força constante - Trabalho da força peso - Trabalho força variável,Trabalho de uma força constante|Trabalho da força peso|Trabalho força variável|trabalho física|trabalho energia|teorema trabalho energia|trabalho mola|trabalho|conservação da energia mecânica|trabalho força elástica|trabalho e potência mecânica|trabalho potência|trabalho força de atrito|trabalho exercícios resolvidos,550,pt,354063,13862,2019-09-05T02:38:24Z
09R8_2nJtjg,UCN1hnUccO4FD5WfM7ithXaw,10,Maroon 5 - Sugar (Official Music Video),maroon sugar|maroon she will be loved|maroon one more night|maroon payphone|sugar maroon karaoke|sugar lyrics|maroon sugar lyrics|sugar maroon|sugar maroon lyrics|maroon five|sugar maroon subtitulada español|marron|adam levine|マルーン5|한글자막|日本語字幕|subtítulos en español|Türkçe Altyazılı|Phụ đề tiếng Việt|Subtitles in Tagalog|Teks dalam Bahasa Indonesia|उपशीर्षक हिंदी में|Sarikata Dalam Bahasa Malaysia|คำบรรยายภาษาไทย|마룬5|魔力紅,302,en,4349686640,16927192,2015-01-14T15:00:11Z
LjhCEhWiKXk,UCoUM-UJ7rirJYP8CQ0EIaHA,10,Bruno Mars - Just The Way You Are (Official Music Video),bruno mars|just the way you are|bruno mars just the way you are|bruno just the way you are|doo-wops and hooligans|pop music|soul music|atlantic records|official music video|Bruno Mars - Just The Way You Are (Official Music Video)|bruno mars love songs|love songs|cause you're amazing just the way you are|cause you're amazing|just the way you are video|just the way you are music video|cause your amazing|bruno|bruno mars music video|R&B,237,en,2137114823,9213223,2010-09-08T21:29:01Z
0-p5EbAsxUM,UC-AlofdKECUdhXrbJQZ6iEg,10,Rihanna - Diamonds,Diamonds Lyrics|Rihanna Diamonds|Diamonds Rihanna|Rihanna Lyrics|Rihanna|Diamonds|diamonds lyrics|diamonds|rihanna diamonds|diamonds rihanna|rihanna|rihanna lyrics|Shine bright like a diamond|So shine bright|So shine bright tonight you and I|You and I we're beautiful like diamonds in the sky|We're beautiful like diamonds in the sky|Eye to eye so alive|rihanna diamond|diamond rihanna|lyrics|Lyrics|I saw the life inside your eyes|bright like a diamond|LatinHype,226,en,322802515,1711113,2022-11-22T17:29:19Z
ivlA5b2sC9g,UCw0leRmeaX7R_9BDd3TvCzg,27,Como Fazer Tabela Dinâmica no Excel em 5 Minutos?,Como fazer tabela dinâmica no excel|Tabela dinâmica excel|Como criar tabela dinâmica|Tabela dinâmica no excel|O que é tabela dinâmica|Excel tabela dinâmica|Tabela dinâmica|Campos da tabela dinâmica|Detalhe das informações na tabela dinâmica|Truque da tabela dinâmica|Dica da tabela dinâmica|Filtro na tabela dinâmica|Como detalhar informações na tabela dinâmica|Duplo clique na tabela dinâmica|hashtagtreinamentos|hashtag treinamentos|Dicas Excel|excel,330,pt-PT,191881,5935,2023-01-19T20:00:22Z
MSAC-4PWofc,UCkC0qwFvInlF_T4u-aXsV1w,24,teste da noite do pijama,,48,pt-PT,8144605,643539,2024-08-26T16:25:36Z
2JWJlSePV5g,UCZN5T53vyfO8jDg6d5a_gWA,22,POV é a primeira vez que a amiga tímida vem dormir na sua casa @larissagloor #shorts,Larissa Gloor,43,pt-PT,2472779,210330,2024-09-11T17:00:03Z
Giyikcm6M9U,UCxpjCNJ5_JNprx0tRdwwtWA,23,Meu irmão mais novo quando minha namorada vem aqui em casa,,8,pt-PT,16005317,860354,2024-09-07T21:50:38Z
4Ts_HLbor2M,UCFk6v5VFTO8vUUK8og2eotg,24,Quando sua mãe é DIVORCIADA,,60,pt-PT,8581361,740134,2023-04-01T15:58:10Z
PP3g4HNcqcE,UCn0uDrJXlLmsoABxwYQoJMA,24,Vocês tem amizades dessa época? ​⁠​⁠@marcotuliodavi  #shorts,,39,pt-PT,34701299,2074982,2024-09-15T23:06:47Z
wPDEygTljtM,UCZN5T53vyfO8jDg6d5a_gWA,22,A corretora de imóveis @larissagloor #shorts,Larissa Gloor,60,pt-PT,2128946,196925,2024-09-02T17:00:43Z
VcMDgOx5dnU,UCzf-Q3sL6Jt-Qqy7-i3Eqxw,22,Surpresas…,,51,pt-PT,41947464,1869674,2024-10-10T22:11:48Z
iOqa3oXzaT8,UCZN5T53vyfO8jDg6d5a_gWA,22,POV: você vai na casa de uma amiga que tem hábitos diferentes do seu,,50,pt-PT,13609173,981306,2023-11-22T20:05:11Z
wtrXlGeVTIo,UC1FjFUiMR3Oyto24G5SAffw,22,MENINOS VS MENINAS,,54,pt-PT,17586430,717649,2024-10-14T22:11:56Z
kfwsNqm72z0,UCn0uDrJXlLmsoABxwYQoJMA,24,Já foi atendido assim? @marcotuliodavi #shorts,,54,pt-PT,4434742,542539,2024-04-26T23:09:08Z
nUdp3ITHiTQ,UCoik3ylHLrfnkH3piR7aKgA,22,amigo pão duro @ShareStudentLiving #shorts,,44,pt-PT,4130869,394505,2024-03-01T21:10:25Z
yhhbsqyeziY,UCNmBUECIkUyPr2hxIAT3vzw,23,Top 5 coisas que meu robô de R$10 mil faz!,,60,pt,77096887,2304390,2024-10-14T22:10:38Z
kgl2k0viDV0,UCv9aX6uaRwvEmcn8wTyGvFg,22,Você faria ISSO? (@chantelp98) #curioso #interessante,,40,pt-PT,18606302,937681,2024-07-16T20:17:00Z
GnEH3sfzdfI,UCZN5T53vyfO8jDg6d5a_gWA,22,Você foi na casa da amiga que gosta de luz baixa @larissagloor  #shorts,Larissa Gloor,41,pt-PT,8271573,560329,2024-08-02T17:00:12Z
HeUoz-M7AFs,UC1HjIAU-99K-iAFOFUTztAw,22,QUANDO SEUS PAIS ESQUECEM DE TE MANDAR PRA CAMA KKKKJ 🤣 | cassitogt,,61,pt-PT,1299678,146114,2024-10-13T16:00:22Z
nNLYY35YeXc,UCn0uDrJXlLmsoABxwYQoJMA,24,Já foi atendido por alguém assim? @marcotuliodavi #shorts,,51,pt-PT,10818628,841337,2024-07-09T23:14:14Z
r7AGPhLHvhw,UCUlKVHw25ly9afHwxy4WSRw,24,HOMENS EM 2024 SÃO ASSIM? 🤣💅                 #humor #trap,,49,pt-PT,15933566,1194477,2024-10-16T23:21:32Z
RBEV11xxJ7A,UC2CNfTWzKWeZjSDc7yY432Q,24,Ela era realmente a mais bonita ?,,60,pt-PT,7767548,672073,2024-10-17T21:54:33Z
OUTsMxLcLpc,UCn9Erjy00mpnWeLnRqhsA1g,28,quanto SAL existe no OCEANO?,pedro loos|pedro loss|ciência todo dia|ciencia todo dia|ciência|ciencia|oceanos|vida marinha|quanto sal existe no oceano|sais marinhos|quantos kg de sal existe no mundo|qual quantidade recomendada de sal|quanto sal podemos ingerir|agua do oceano|descongelamento das geleiras|vias maritmas|correntes oceanicas|curiosidades|voce sabia,60,pt,19561895,1299159,2024-05-28T15:00:17Z
YYwmIprc1_k,UCyKNLG-m09LzC_H6EfiCrrw,22,Prima Rica x Prima Pobre na Pizzaria #shorts,,60,pt-PT,17699085,1186934,2024-09-20T21:00:16Z
zjpxMoEtap8,UCZN5T53vyfO8jDg6d5a_gWA,22,Aquela enfermeira que te atende antes do médico @larissagloor #shorts,Larissa Gloor,59,pt-PT,16692148,953967,2024-08-31T17:00:48Z
6CTCeXzrGvU,UCn0uDrJXlLmsoABxwYQoJMA,24,Vocês acham bom ou ruim? @marcotuliodavi  #shorts,,34,pt-PT,8787099,642701,2024-10-14T23:03:27Z
89BNmKyFeek,UCrWvhVmt0Qac3HgsjQK62FQ,27,SEJA RARO NA SUA PROFISSÃO,Gustavo Guanabara|Curso em video cortes|programação|linguagem de programação|Curso em Video|Guanabara|Curso em video podcast|curso em video experience|experience podcast|hostnet|kaue linden|Educação|Professor|Profissão|Desafios|Ensino|Importância da Educação|Comunidade|Motivação|Inspiração|Papel do Professor|Valor da Educação|Dedicado|Comprometido|Ensino Público|Educação de Qualidade|Reflexão|Desenvolvimento Profissional|Carreira|Aprendizado|curso em vídeo,58,pt,183888,25371,2024-03-18T21:56:27Z
7SW82URYZQs,UClBrpNsTEFLbZDDMW1xiOaQ,28,Programador carioca explicando o Front-end #frontend #programação,devmedia|web|programacao|programação|iniciante|avancado|site|como fazer um site|como fazer um programa|edtech|programador|vida de programador|curso online|curso de programacao|escola de programacao|desenvolvedor web|full stack|computador|celular|app|aplicativo|criar app|criar aplicativo|ios|android|algoritmo|devemidia|java|pithon|csharp|react,47,pt,174209,13630,2024-06-06T21:21:24Z
A_2yf3N2cxg,UCn9Erjy00mpnWeLnRqhsA1g,28,Por que CHOCOLATE dá ESPINHAS?,pedro loos|pedro loss|ciência todo dia|ciencia todo dia|ciência|ciencia|chocolate|por que chocolate da espinhas|consumo de açucar aumenta acne|quanto de chocolate posso comer no dia|quanto chocolate afeta a saude da pele|skin care com chocolate|skin care|chocolate belga|chocolate contra a acne|espinhas e chocolate|qual a relação entre espinhas e chocolate|quanto de chocolate é saudavel comer|vida fitness|posso comer chocolate sem afetar a dieta|curiosidades,58,pt,4985800,560177,2024-04-16T15:00:07Z
sZp_n2-dONI,UCwaMXiEfLn3UtpC2I0E2jxQ,27,3-HOUR STUDY WITH ME 🍂 RAINY FALL DAY / 🎵 Relaxing Lo-Fi Music / Pomodoro 50-10 [Music ver.],study with me|study with me celine|study with me calm lofi music|study with me relaxing lofi music|study with me pomodoro 50/10 calm lofi|study with me calm lofi pomodoro|3 hour study with me pomodoro lofi|study with me lofi rain|study with me fall vibe|study with me lofi 50/10|study with me lofi pomodoro 50/10|study with me relaxing lofi pomodoro 50/10|study with me lofi music pomodoro 50/10|study with me autumn|study with me fall day|study with me fall rainy day,10281,en,195858,2400,2024-09-18T11:00:59Z
JqLdRgdjYY0,UCcINZu4wMXboMrF5qRFwPcw,27,How to Add Sound in Figma Prototype,How to Add Sound in Figma Prototyping|how to add audio to figma|how to put audio in figma|how to insert sound in figma|how to embed sound in figma|audio for figma prototyping|play sound in figma|button sound in figma|play button click sound in figma|add sound to button in figma|play a sound on click|sound prototyping in figma|figma tutorial|figma|figma sound effects|sound in figma prototype,508,en,72364,1082,2022-11-29T15:13:02Z
NoEMIVx4J78,UCNqFDjYTexJDET3rPDrmJKg,10,MAGIC! - Rude (Lyrics),rude|rude lyrics|lyrics rude|magic!|lyrics|magic! rude|rude magic!|magic! rude lyrics|lyrics magic! rude|magic! lyrics|lyrics magic!|magic! lyrics rude|rude lyrics magic!|lyrics rude magic!|rude magic! lyrics|rude lyric|lyric rude|rude lyric video|lyric video rude|magic rude|rude magic|magic rude lyrics|lyrics magic rude|magic lyrics|lyrics magic|magic lyrics rude|rude lyrics magic|pop|music|hits,224,en,110050607,458535,2021-10-03T16:28:49Z
fUBzGUlW-Bg,UCVpHmGfbOyUoJXnAEQKFcWw,28,Eu testei uma I.A. que cria HTML! Será que funciona?,Eu testei uma I.A. que cria HTML|html|leoandrade|inteligencia artifical para criar html|html5|como programar sites|designer de interfaces|design|web design|web design html|pagina html|fronty|frontend|inteligencia artificial|machine learning|tecnologia|programar|programação|layout|bootstrap|site responsivo|Léo Andrade|tech|microsoft|sketch2code|mtac|Brasil|Portugal|Angola|inteligencia artificial microsoft|microsoft ai|Html ai code,317,pt,4345,180,2020-07-16T21:30:01Z
OqiuC8bdxb4,UC_-uuuZbY0AAt9CViNzvc-Q,28,"Como aprender programação de forma INTELIGENTE, sem perder tempo com coisas INÚTEIS",como programar|como aprender programação|como virar programador|o que preciso aprender para programar|qual linguagem aprender para programar|o que aprender em programação|qual melhor linguagem para começar a programar|programador|desenvolvedor|programador júnior|desenvolvedor júnior|iniciar com javascript|iniciar com python|lógica de programação|base para programar|se tornar programador|trabalhar com programação|trabalhar como programador|trabalhar como dev,1085,pt-BR,248386,22856,2024-08-05T21:07:41Z
3oSIqIqzN3M,UC_-uuuZbY0AAt9CViNzvc-Q,28,5 MINUTOS DE HTML PARA INICIAR EM PROGRAMAÇÃO!,HTML|css|javascript|o que é html|como programar|tags html|html 5|iniciante|programação|programador|como virar|código|desenvolvedor|desenvolver site|criar site|web|programação web|linguagem de marcacao|o que é|como|linguagem de marcação de hipertexto|linguagem|explicação|html vs css|html e css|tumblr|como montar|criar o proprio site|website|web dev|desenvolvedor web|ti|curso de ti|faculdade de ti|como virar programador|front end|front-end|front x back,313,pt-PT,337914,33583,2020-11-13T15:00:01Z
PT2_F-1esPk,UCRzzwLpLiUNIs6YOPe33eMg,10,The Chainsmokers - Closer (Lyric) ft. Halsey,closer|English songs|chainsmokers|the chainsmokers|closer chainsmokers|English song|chainsmokers closer|best English songs|halsey|song English|the chainsmokers closer song|closer the chainsmokers|closer song|so baby pull me closer|chain smoker|chainsmokers songs|songs English|english hit songs|top English songs|Post Malone|female and male duets|4th of July songs|new years eve|NYE|nye 2021|new years eve 2021|new years eve party|party,262,en,3364511091,14864758,2016-07-29T07:00:02Z
0xgaqhe5QiM,UCNqFDjYTexJDET3rPDrmJKg,10,Shawn Mendes - Treat You Better (Lyrics),shawn mendes|treat you better|lyrics|shawn mendes treat you better|treat you better shawn mendes|shawn mendes treat you better lyrics|lyrics shawn mendes treat you better|treat you better lyrics|lyrics treat you better|treat you better lyric|treat you better lyric video|treat you better karaoke|treat you better letra|shawn mendes lyrics treat you better|treat you better lyrics shawn mendes|treat you better shawn mendes lyrics|lyrics treat you better shawn mendes,189,en,76415914,504187,2019-07-14T18:30:01Z
lyklfilW_WY,UCCTHtVMXy9gQA8X_HOEJA2A,27,PROGRESSÃO GEOMÉTRICA PG AULA 1 | TERMOS E RAZÃO DE UMA PG \Prof. Gis/,pg|MATEMATICA PG|progressao geometrica|progressão geometrica razao|progressão geometrica pa|progressão geometrica exercicios|matemática|formula progressão aritimetica|progressão geométrica soma|progressao matematica|matematica progressao|matematica progrecao|matematica progresao|enem|progressão aritimética pra passar|gis com giz|pg matematica|aritimetica pg|pg aritimetica|TERMOS DE PG|razao de uma pg|progressão geométrica|termos de pg,1405,pt-PT,699154,28497,2021-09-16T17:00:19Z
PTO9LoHM2qQ,UC7TaFSjuPsrROlVU6AWlZDw,28,Como remover o fundo de qualquer imagem no Figma - Tutorial,figma|designer|remover fundo|fundo transparente|tutorial figma,466,pt-PT,12823,231,2023-07-14T15:53:59Z
yrU15P9Vo9w,UCqKg6IkCsZe_sw7fxkxTVsg,10,"Shawn Mendes - Treat You Better (Lyrics) || Justin Bieber, James Arthur ft. Anne-Marie,... (Mix Lyr",Haveart|Shawn Mendes|Treat You Better|Treat You Better lyrics|lyrics Treat You Better|Shawn Mendes Treat You Better|Shawn Mendes Treat You Better lyrics|Shawn Mendes lyrics Treat You Better|Treat You Better Shawn Mendes|Treat You Better Shawn Mendes lyrics|Treat You Better lyrics Shawn Mendes|lyrics|tiktok|tiktok 2022|tiktok hits|tiktok viral|Treat You Better tiktok,928,en,34432158,87258,2023-12-28T12:15:04Z
ySmjheVxYc4,UCgs6PAI_b_qpOSy74GkjsGQ,22,3-Hour Study with Me / London Colorful Sunrise 🌅 / Pomodoro 50-10 / Relaxing Lo-Fi / Day 162,study with me|lofi|pomodoro,10861,en,2738453,22350,2023-10-30T11:00:49Z
hpUrLBEuHrg,UCcNm9fM9V5wf-0PZVmkM08g,27,PRESENT PERFECT: aprenda a usar (have / has)! | Aula de inglês 07 - English in  Brazil,inglês|dica de inglês|fluência|pronúncia|aprender inglês|inglês grátis|curso de inglês|aula de inglês|carina fragozo|english in brazil,996,pt-PT,559222,43913,2020-10-14T20:30:12Z
Wl_nhpezCvA,UCi317Q_IZEdfGiguZF-aw7Q,27,como ESTUDAR TODO DIA sem ficar ESGOTADA?,Como lidar com o cansaço?|Como dar conta de tudo?|Como estudar sem me sobrecarregar?|Como ter hábitos produtivos?|Como não me estressar?|Estresse|Ansiedade|Como lidar com a ansiedade nos estudos,1023,pt-PT,15047,1703,2024-10-01T15:30:11Z
KkUH8Xkbw8A,UCgs6PAI_b_qpOSy74GkjsGQ,22,3-Hour Study with Me / Suzhou · River / Pomodoro 50-10 / Relaxing Lo-Fi / Day 142,study with me|lofi|pomodoro,10861,en,160730,2662,2023-04-24T12:00:17Z
p3ynjjRbU9A,UCgs6PAI_b_qpOSy74GkjsGQ,22,2-Hour Study with Me in London / Big Ben Sunset 🌅  / Pomodoro 50-10 / Relaxing Lo-Fi / Day 160,study with me|lofi|pomodoro,7261,en,2412624,24869,2023-10-09T13:06:38Z
d2uqo6PhdM4,UCrjW-UxCa_GeOowmr0zhldQ,28,Aprenda tudo sobre RegEx em menos de 10 minutos! Com exemplos práticos!,regex|o que é regex|como usar regex|expressão regular|formatar regex|validar regex|validar com regex|formatar com regex|javascript regex|aprender regex,561,pt,121843,8324,2020-04-21T01:45:30Z
xkaE6RLMZtI,UCjWBQ2uZchNukXFc-cHmUkA,22,너의 이름은 study with me 스터디윗미 | 60•10 pomodoro | 너의 이름은 ost piano ver | 같이 공부해요,스터디윗미|스윗미|studywithme|porong|포롱|공시생|브이로그|vlog|스터디윗미|스윗미|studywithme|porong|포롱|공시생|브이로그|vlog,7807,ko,343152,6802,2022-09-16T11:37:28Z
ouW8Iq0HL3A,UCtfT0wIFhW2jyCMR0ZtBuzg,27,Projeto Criando uma Empresa 2024 - Storytellings | COMPLETO,,1502,pt-PT,754,37,2024-09-23T13:50:03Z
iQ6RV-0XB80,UCUSSs1u8dfyjbDY45q-Pogw,22,"Como Colocar Musica no Canva ATUALIZADO 2024 (aprenda cortar, editar, ajustar)",mestre do canva|como colocar musica no canva|como colocar música no canva|como colocar musica no canva pelo celular|como colocar musica no video do canva|como adicionar musica no canva|colocar musica no canva|como colocar musica em video no canva|como cortar musica no canva|como editar video no canva|como colocar audio no canva|como editar video no canva 2024|colocar audio no canva|como editar video no canva pelo celular,592,pt-BR,176249,3366,2023-12-22T23:00:09Z
ppnrOzGhGN0,UCgs6PAI_b_qpOSy74GkjsGQ,22,3-Hour Study with Me / Painted sky / Relaxing Lo-Fi / Pomodoro 50-10 / Day 152,study with me|lofi|pomodoro,10861,en,970482,10475,2023-07-10T10:10:54Z
8Zxv34Wk32o,UCmoO-btkRW7wKdiB6uumDRg,22,Há quase 3 anos atrás eu estava iniciando a transição capilar 😨,,12,pt-PT,64669827,2004906,2023-03-03T23:54:33Z
OMDF-tPFfnU,UCFk6v5VFTO8vUUK8og2eotg,24,Romantismo em 1918 x Romantismo em 2024,,42,pt-PT,8176977,829771,2024-01-02T22:32:59Z
WwxASq2quDg,UC3jZA6_SquyzGdw7nyt6SEg,24,NAMORADA COM MAQUIAGEM X SEM MAQUIAGEM - feat Keira,ricksantina|familia santina|santina|Keira|Keira riff|Keira tiktok|tiktok|reels|shorts|make up|maquiagem|casal|namorados|namorada|comedia|humor|quarto|tour no quarto|maquiar,25,pt-PT,15077812,797551,2023-09-06T21:00:16Z
hp0-6vghNwc,UCmZwn61P-KkS4WARx8UL_QA,22,"Stick it the highest, you win!",,51,en,308971390,8760915,2024-05-08T19:09:02Z
_dAOuky-YE0,UCzf-Q3sL6Jt-Qqy7-i3Eqxw,22,O que não fazer,,20,pt-PT,16357653,1415686,2023-12-05T21:18:25Z
18AE0J-e0JM,UCFk6v5VFTO8vUUK8og2eotg,24,TODO homem quando faz a barba 👶,,52,pt-PT,31032245,1867581,2023-04-20T23:24:12Z
xTNr4GHq_WI,UCn0uDrJXlLmsoABxwYQoJMA,24,Já teve professor assim? @marcotuliodavi #shorts,,52,pt-PT,24253762,1459610,2024-05-21T23:12:08Z
DJ7ibyGBOTc,UCSYjZad7VYad0fJUVb-BZ8A,22,Comeria marshmallow de milho???? 🌽 #humor #comedia #,,52,pt-PT,16630418,894253,2024-05-10T19:34:27Z
Cv5HXTJv6Cg,UCeufROUjmfENANQukYZF5_g,22,Sing 2 | There's Nothing Holdin' Me Back Song | Sing 2,#sing2|#SkyFullofStars,36,en,16296029,877769,2022-01-12T07:47:11Z
6EEJBaH_f7Y,UCLQicpCLlVl1PKKVnREP_mw,22,O QUE É PITCH? (8 Dicas Incríveis para Trabalhar um de Sucesso),pitch|o que é pitch|pitch de vendas|pitch de negócios|exemplo pitch de negócios|pitch o que é|pitch como fazer|pitch como apresentar ideias a investidores|como atrair investidores|como atrair investidores para o seu negócio|como atrair investidores para sua empresa|como conseguir investidores|blogabriminhaempresa1986|elevator pitch|fazer pitch|como fazer um bom pitch|pitch de sucesso|como montar um pitch|empreendedorismo|pitch significado|pitch o que significa,581,pt-PT,81365,2937,2021-07-26T14:00:03Z
5hl5BLsJrjs,UCv_Z66BB2xiAr9mrFurZ8Sg,27,"cara, entender isso me fez ter resultado muuuuito mais rápido... (parte 1)",como ser mais produtivo|Luana Carolina|Studies|sobre foco|melhores hábitos|rotina saudável|that girl|vlog Luana,813,pt-PT,744693,82089,2023-02-11T14:00:03Z
Bt6TmXqRCb4,UCh1coBqMQvaFYYqJxSuZtKQ,10,Shawn Mendes ‒ There's Nothing Holding Me Back (Lyrics),Unique Sound|Shawn Mendes|There's Nothing Holding Me Back|lyrics|Shawn Mendes There's Nothing Holding Me Back|There's Nothing Holding Me Back Shawn Mendes|There's Nothing Holding Me Back lyrics|Shawn Mendes There's Nothing Holding Me Back lyrics|Shawn Mendes lyrics There's Nothing Holding Me Back|There's Nothing Holding Me Back lyrics Shawn Mendes|There's Nothing Holding Me Back Shawn Mendes lyrics|lyrics There's Nothing Holding Me Back Shawn Mendes,206,en,98192967,631626,2021-08-28T18:08:18Z
kPa7bsKwL-c,UC07Kxew-cMIaykMOkzqHtBQ,10,"Lady Gaga, Bruno Mars - Die With A Smile (Official Music Video)",Lady Gaga|Bruno Mars|Interscope|Pop,253,en,1578114473,13388468,2024-08-16T04:00:36Z
qbQC60p5eZk,UCJ53-i88ymgy7RDBPpb4PEg,10,Emicida - É tudo pra ontem part. Gilberto Gil,Emicida|Gilberto Gil|Lab Fantasma|Tudo pra ontem|E tudo pra ontem|MPB|Netflix,372,pt-PT,7790884,127169,2020-12-10T14:00:16Z
XBaRWmMhR_4,UC8jl4cON1vGmbOf-V-eOT-g,24,"""Não é Um Sonho"" | O Menino Que Descobriu o Vento",Reflexão|Motivação|Filmes Atuais|Cenas tristes|Profundo|filmes nostálgicos|infância|filmes de infância|edit|hannibal|video motivacional|filme motivacional|O Menino Que Descobriu o Vento,209,pt-PT,431058,7314,2022-08-16T22:45:45Z
